COUNTRY,Global Innovation Index,Entrepreneurship as a good career choice rate,Fear of failure rate,Female/Male TEA Ratio,Perceived opportunities rate,Financial market development Index,Ease of getting credit,Availability of Alternative Finance,H-index,Human Development Index,English proficiency,Financial Literacy,Percentage of enrollment in secondary education,Score of data science and tech skills,Quality of Vocational Trainings,Diversity and Inclusion Index-wage inequality,Youth Labour Participation rate,Unemployment Rate,Growth Rates in Biotech,Growth Rates in Cleantech,Growth Rates in Fintech,Growth Rates in Tech,Total Government Funding allocated to early-stage Startups and Scale-ups,Government effectiveness,Regulatory quality,Corruption index / Rule of law,Internet freedom,Migration management,E-Government Index,Public Open Data Initiatives,Strength of IP Laws Score,IP Protection Score,Political transformation index,Corporate tax rate,FDI Confidence index emerging markets rankings,Tax wedge,Government R&D Expenditure % GDP,Ease of starting a business index,Internet speed,Cost of internet per month/USD,"Cost of Internet (60 Mbps or more, unlimited data cable/adsl) utlities monthly in USD","Availability of tech services (fintech services, crypto)",Top Universities per country,Startups to total number of companies ratio,Number of research institutes,Number of coworking spaces,Number of Investors/VCs,Number of exits above 50M,Number of exits above 1B,Number of cumulative unicorns,Presence of international influencers (like Tim Cook),Number of Accelerators,Number of incubators,Ratio of Series A to seed,Early-stage Funding Volume,Ratio of Series C to Series A Startups,Percentage of Startups Securing Series A or Beyond,% of Startups Exiting via Acquisition or IPO,Number of global startup events,Number of contributions by top 1000 GitHub users,Number of IPOs in the Last 5 Years,Number of STEM graduates,Employee Engagement,Number of Corporate Venture Capital (CVC) Funds investing in local Startups,Number of VC investors older than 5 years,Salary of software engineers,Early-Stage Funding Growth,Total Number of Startups and Scaleups,Number of Startups Created,"R&D centers of multinational companies (e.g. Alphabet, Microsoft, Meta)",Startup Survival Rate (2+ Years),Total Public Funding Allocated to Innovation and Entrepreneurship,Percentage of Startups with Access to Seed or Early-Stage Funding,Total Capital Invested in Startups and Scaleups,Total Funding Raised by Startups and Scaleups,Public capital market activity,"Branches of multinational companies (e.g. Google, Microsoft)",Total Funding Raised by Startups,Total Capital Invested in Startups,Number of Funding Rounds Closed,Percentage of Startups Receiving Investment,Ecosystem Networking Activity: Count of Meetup Groups/ Entrepreneurship Networking events,Industry association memberships,Availability of Growth-Stage Capital for Scaleups,Number of Angel Investors Supporting Startups,Diversity of Startup Funding Sources,Number of startup competitions,Cost starting a business (% of income per capita),Total Growth-Stage Capital Invested in Scaleups,Number of Ecosystem Networking Events Organized,Number of Research Publications in High-Impact Journals,Average Time to Close a Funding Round,Number of Co-Working Spaces Supporting Startups,Emerging Investor Base: New Investors with less than 5 years of activity,Number of Corporate Innovation Challenges or Hackathons Hosted,Number of Scaleups Featured in National or International Media,Number of Startups and Projects Supported by Service Providers,Availability of legal and accounting services for entrepreneurs.,Number of Startup or Innovation-Ready Service Providers,Number of Mentions or Features in National or International Media,Percentage of Scaleup-Ready Service Providers,Number of Startup-Ready Service Providers,# of High Growth Companies,POPULATION,# of High Growth Company - Normalized
Afghanistan,,,,,,,50,,7.496251874,13.9693356,21.66666667,1.724137931,47.36842105,,,,36.23188406,60.28571429,,,,,,1.89,8.96,5.19,,,20.45454545,34.34343434,,,8.044554455,44.44444444,,,,91.00529101,0.190002923,,,,,,,0,0.002906259,,,,,0,0,,0.002010012,,2.479338843,1.095021006,0.04,10.86409003,,,,0.006326311,0,17.43834167,,,,,,,,,,,,,,,,,,,,,,,,,,,,,,,,,,,,,,"43,844,111",
Albania,24.95636998,,,,,,70,,10.61969015,69.67632027,55,1.724137931,86.31578947,,44.59791283,28.15315315,28.98550725,71.42857143,,,,,,56.6,57.55,47.17,,43.42105263,73.86363636,66.10549944,,,72.15346535,58.33333333,,,,42.85714286,22.85296697,5.400442582,5.400442582,62.87878788,1.851851852,0.302774815,,0.25619129,0.004359388,,,,,0.067658999,0,19.76047904,0.000457137,0,23.1785164,10.49947503,0.026666667,6.111092505,,,60,0.012652622,0,14.86360263,,,,,,,,,,,,,,,,,,,,,,,,,,,,,,,,,,,,,2,"2,771,508",0.002966039
Algeria,10.47120419,,,,,,10,,8.32083958,62.18057922,31.25,18.96551724,50.52631579,9.090909091,31.98281154,,13.04347826,66.85714286,,,,,,32.55,14.15,22.64,,,53.40909091,31.87429854,15.06512657,15.06512657,44.05940594,27.77777778,,,,82.53968254,3.890675241,6.295023306,6.295023306,86.36363636,9.87654321,,0.733496333,0.939368062,0.018890681,,,,,0,0,47.90419162,0.026155278,25,16.18381619,3.33560245,0.106666667,15.14635943,,,7.5,0.069589422,0.011222085,5.901918704,100,,,,,,,,,,,,,,,,,,,,,,,,,,,,,,,,,,,,2,"47,435,312",0.002966039
Angola,0,70.09865222,56.69081205,80,78.12694075,,5,,,35.94548552,5.833333333,3.448275862,6.315789474,,0,,56.52173913,58.85714286,,,,,,13.21,29.72,16.04,58.82352941,,32.95454545,37.59820426,,,37.9950495,30.55555556,,,,93.12169312,5.752703888,,,100,,,,0.085397097,0.014531293,,,,,0,0.141843972,,0.001673335,,18.72677731,10.63393697,0.016,10.92270078,,,,0.025305245,0,6.174733436,,,,,,,,,,,,,,,,,,,,,,,,,,,,,,,,,,,,,1,"39,040,039",0
Antigua and Barbuda,,,,,,,25,,,75.97955707,,,88.42105263,,,,,,,,,,,46.23,61.32,61.79,,,59.09090909,32.54769921,,,,30.55555556,,,,59.25925926,10.57000877,,,,,,,,0.002906259,,,,,0,0,0,0.00218438,,32.36763237,28.59087815,,,,,,0,0.02244417,,88.98,,,,,,,,,,,,,,,,,,,,,,,,,,,,,,,,,,,,3,"94,209",0.005932078
Argentina,28.27225131,49.5206336,62.18070911,51,28.80387529,5.042016807,50,,32.65867066,79.89778535,69.16666667,25.86206897,90.52631579,70.70707071,57.22836096,20.4954955,36.23188406,82.85714286,,,,,27.77777778,41.98,25.94,34.91,72.94117647,63.15789474,82.95454545,49.2704826,51.26566724,28.13959204,62.37623762,2.77777778,40.25974026,,9.314846704,66.13756614,26.35194388,7.872310372,7.872310372,56.81818182,27.16049383,2.221901333,7.090464548,2.134927412,0.264469535,0,,0,0,1.623815968,1.560283688,14.97005988,0.140655015,21,22.03145435,17.64797411,0.274666667,30.55027128,0.102669405,,60,0.525083824,0.527437998,8.528660548,44.41,,,,,,,,,,,,,,,,,,,,,,,,,,,,,,,,,,,,163,"45,851,378",0.480498295
Armenia,32.80977312,88.21731277,31.1094167,34,51.16134642,,70,33.32976617,6.246876562,69.16524702,57.91666667,8.620689655,87.36842105,65.65656566,34.76058932,11.03603604,31.88405797,62.57142857,,,,,,39.15,51.89,46.23,76.47058824,,73.86363636,63.86083053,,,63.98514851,50,,,3.703431474,24.33862434,16.80502777,6.464522812,6.464522812,46.96969697,1.234567901,1.075083496,0.244498778,0.25619129,0.02034381,,,,,0.067658999,0.141843972,0,0.004165749,20,22.19762846,6.410157755,0.096,14.76170541,,,70,0.050610489,0.04488834,28.8000552,60.88,,,,,,,,,,,,,,,,,,,,,,,,,,,,,,,,,,,,15,"2,952,365",0.041524544
Aruba,,,,,,,,,,,,,75.78947368,,,,,,,,,,,82.08,77.83,87.26,,,,41.41414141,,,,38.88888889,,,,,,,,,,,,0.085397097,0,,,,,0,0,,,,0,,,,,,,0,0,11.8852418,,,,,,,,,,,,,,,,,,,,,,,,,,,,,,,,,,,,,,"108,147",
Australia,66.14310646,45.3522301,32.72969882,42,41.03838033,48.31932773,95,24.98261009,67.54122939,96.42248722,,87.93103448,91.57894737,41.41414141,58.54818907,13.28828829,82.60869565,89.71428571,68.88888889,75,62.29508197,34.02061856,,92.92,99.53,91.04,78.82352941,72.36842105,96.59090909,79.34904602,81.81371344,81.83828951,,16.66666667,,44.64247402,,6.878306878,22.58403975,21.29572955,21.29572955,16.66666667,,10.61807985,3.667481663,20.32450897,4.100730924,9.972862958,4.545454545,1.221374046,14.63414634,6.224627876,4.822695035,29.94011976,1.850282198,12,16.35855008,32.26917133,7.709333333,61.82128743,19.04517454,24.81371719,45,7.730752198,5.173381214,97.07984231,51.41,,,,,,,,,,,,,,,,,,,,,,,,,,,,,,,,,,,,1433,"26,974,026",4.247367641
Austria,69.98254799,35.33416701,50.78154785,52,45.69618681,,55,,47.6011994,93.0153322,85,68.96551724,86.31578947,86.86868687,81.70656845,,63.76811594,85.14285714,,,,,,91.51,87.26,95.75,,47.36842105,89.77272727,67.45230079,,,,36.11111111,,10.43861086,0.057862129,13.75661376,28.41859106,14.86416498,14.86416498,12.12121212,4.938271605,4.453584621,3.422982885,3.586678053,0.728017786,0,0,0.152671756,5.853658537,1.420838972,2.978723404,26.94610778,0.355979597,10,50.88974074,23.42515906,3.333333333,50.90394534,0.051334702,63.39663599,10,1.379135826,1.021209741,60.69567757,51.65,,,,,,,,,,,,,,,,,,,,,,,,,,,,,,,,,,,,382,"9,113,574",1.130060804
Azerbaijan,19.37172775,,,,,,100,,8.32083958,64.73594549,26.66666667,39.65517241,88.42105263,56.56565657,50.30693677,,37.68115942,84.28571429,,,,,,50.94,48.11,25.94,29.41176471,,68.18181818,62.40179574,,,38.61386139,44.44444444,,,0.003010235,14.28571429,19.3189126,4.166862847,4.166862847,71.21212121,4.938271605,0.246412118,0.488997555,0.085397097,0.027609457,,,,,0.338294993,0.425531915,13.77245509,0.000539186,0,11.61616162,4.015077024,0.114666667,16.16886597,,,22.5,0.025305245,0.056110425,17.6426527,65.34,,,,,,,,,,,,,,,,,,,,,,,,,,,,,,,,,,,,8,"10,397,713",0.020762272
Bahamas,,,,,,,30,,,74.95741056,,,60,,,,49.27536232,75.71428571,,,,,,65.09,47.17,55.66,,,72.72727273,35.35353535,,,,100,,,,62.43386243,19.49722303,,,,,,,0,0.059578302,,,,,0.135317997,0,10.17964072,0.136959437,100,7.012987015,9.292035399,0.069333333,,,,,0.088568356,0.100998766,84.34665472,22,,,,,,,,,,,,,,,,,,,,,,,,,,,,,,,,,,,,6,"403,033",0.014830194
Bahrain,30.36649215,,,,,,55,,11.24437781,86.54173765,,46.55172414,89.47368421,47.47474747,54.28176796,,40.57971014,96.85714286,,,,,,72.17,78.3,65.09,22.35294118,,77.27272727,69.13580247,,,38.11881188,100,,,,22.22222222,25.02776966,17.68915674,17.68915674,53.78787879,2.469135802,0.62884,,0.085397097,0.113344087,,,,,0.270635995,0,10.17964072,0.018342678,14,9.910205153,10.00440245,0.202666667,4.60094447,0.051334702,,27.5,0.22142089,0.157109191,18.59050389,64.27,,,,,,,,,,,,,,,,,,,,,,,,,,,,,,,,,,,,27,"1,643,332",0.07711701
Bangladesh,15.53228621,,,,,,45,,17.84107946,49.40374787,44.16666667,10.34482759,65.26315789,27.27272727,21.08655617,30.40540541,55.07246377,87.42857143,,,,,,23.11,17.92,29.72,36.47058824,,53.40909091,42.98540965,,,37.25247525,23.61111111,,,,88.35978836,14.58345513,4.039738217,4.039738217,79.54545455,17.28395062,0.235232741,0.244498778,0.085397097,0.116250345,,,,,0.676589987,0.283687943,15.56886228,0.055215704,10,4.917450576,2.302143733,0.253333333,29.97806283,0.102669405,,55,0.227747201,0.145887106,4.530644655,31.4,,,,,,,,,,,,,,,,,,,,,,,,,,,,,,,,,,,,75,"175,686,899",0.219486875
Barbados,27.7486911,,,,,,30,,13.49325337,73.0834753,,,93.68421053,,41.11418048,,42.02898551,77.71428571,,,,,,65.57,67.92,60.38,,,70.45454545,23.45679012,,,,75,,,,67.1957672,27.51534639,24.89288573,24.89288573,57.57575758,,,,0.085397097,0.014531293,,,,,0,0,29.94011976,0.009245702,100,21.74913694,34.30603786,0.010666667,,0,,,0.018978933,0.033666255,24.86274259,69.07,,,,,,,,,,,,,,,,,,,,,,,,,,,,,,,,,,,,3,"282,623",0.005932078
Belarus,24.43280977,68.77865777,16.26000762,61,15.3024469,,50,,8.32083958,71.72061329,59.58333333,43.10344828,95.78947368,79.7979798,,,40.57971014,90.28571429,,,,,,19.81,7.55,11.79,15.29411765,,76.13636364,70.9315376,,,34.77722772,30.55555556,,,8.274122729,25.3968254,21.79187372,2.081077264,2.081077264,63.63636364,,0.239890815,0.488997555,,0.013078164,,,,,0.202976996,0.141843972,0,0.001086177,,7.158306008,9.983767887,0.114666667,13.36392257,,,,0.025305245,0.04488834,29.9962198,39.21,,,,,,,,,,,,,,,,,,,,,,,,,,,,,,,,,,,,14,"8,997,603",0.038558505
Belgium,65.44502618,,,,,,65,,62.56871564,95.74105622,81.66666667,72.4137931,94.73684211,90.90909091,64.68692449,3.378378378,26.08695652,84.57142857,53.33333333,47.22222222,42.62295082,36.08247423,,84.91,86.79,88.21,,77.63157895,84.09090909,62.51402918,,,,30.55555556,,0,61.72266888,23.80952381,33.16574101,23.22614059,23.22614059,17.42424242,6.172839506,5.532394576,1.95599022,4.953031597,1.084034468,0.271370421,0.119617225,0.305343512,4.87804878,2.435723951,1.985815603,29.34131737,0.659456888,12,54.79502148,34.79666129,1.746666667,54.94708286,0.924024641,9.562316608,12.5,1.967482761,1.571091909,45.5203581,47.96,,,,,,,,,,,,,,,,,,,,,,,,,,,,,,,,,,,,583,"11,758,603",1.726234614
Benin,9.07504363,,,,,,30,,4.997501249,21.12436116,7.5,41.37931034,44.21052632,,46.33210559,,53.62318841,95.42857143,,,,,,45.75,39.62,28.77,,,38.63636364,55.89225589,,,49.87623762,16.66666667,,,,78.30687831,5.270388775,,,89.39393939,,,,0.085397097,0.004359388,,,,,0,0,89.82035928,3.70144E-07,0,23.20661157,4.730490749,0,8.591332306,,,40,0.006326311,0,,57.21,,,,,,,,,,,,,,,,,,,,,,,,,,,,,,,,,,,,1,"14,814,460",0
Bermuda,,,,,,,,,,,,,71.57894737,,,,,,,,,,,84.43,80.19,74.06,,,,,,,,100,,,,,,,,,,,,0,0.098812793,0.13568521,0.119617225,0,2.43902439,0.067658999,0.141843972,38.92215569,0.059056054,46,64.11873841,100,,,0.410677618,,,0.253052445,0.089776681,100,21.68,,,,,,,,,,,,,,,,,,,,,,,,,,,,,,,,,,,,9,"64,555",0.023728311
Bhutan,,,,,,,55,,,51.27768313,,70.68965517,68.42105263,,,,24.63768116,91.42857143,,,,,,69.81,38.68,71.7,,,52.27272727,48.93378227,,,62.12871287,30.55555556,,,,46.56084656,,,,,,,,,0.002906259,,,,,0,0,0,3.1718E-07,,31.5262719,,0.008,1.686650144,,,,0.006326311,0,5.178779654,,,,,,,,,,,,,,,,,,,,,,,,,,,,,,,,,,,,,1,"796,682",0
Bolivia,17.45200698,,,,,,35,,12.99350325,54.34412266,53.75,18.96551724,75.78947368,38.38383838,28.06936771,,68.11594203,91.71428571,,,,,,31.6,10.38,9.43,,,60.22727273,58.02469136,,,56.93069307,30.55555556,,,,78.83597884,12.94066063,15.24083055,15.24083055,75,4.320987654,,,0.597779676,0.004359388,,,,,0.067658999,0,10.17964072,0.001019485,0,8.814665995,7.78614384,0.002666667,13.00488981,,,40,0.006326311,0.033666255,11.62942799,0,,,,,,,,,,,,,,,,,,,,,,,,,,,,,,,,,,,,5,"12,581,843",0.011864155
Bosnia and Herzegovina,26.70157068,,,,,,65,,9.145427286,67.97274276,,24.13793103,,,14.34929405,,17.39130435,69.71428571,,,,,,12.74,45.75,41.51,,,61.36363636,48.82154882,,,55.44554455,72.22222222,,,0.002689542,47.08994709,8.874598071,9.374264325,9.374264325,59.84848485,3.086419753,0.062418193,,,0.007265647,,,,,0.135317997,0.141843972,8.383233533,0.001147941,0,34.35843054,13.33533535,0.045333333,0,,,30,0.018978933,0.011222085,17.4796439,100,,,,,,,,,,,,,,,,,,,,,,,,,,,,,,,,,,,,11,"3,140,095",0.029660389
Botswana,22.51308901,,,,,,60,,4.997501249,55.87734242,,67.24137931,57.89473684,71.71717172,32.41252302,,40.57971014,33.42857143,,,,,,67.92,72.17,66.04,,,52.27272727,56.00448934,,,73.88613861,38.88888889,,,,45.5026455,3.615901783,32.07307312,32.07307312,65.15151515,,,,0.170794193,0.010171905,,,,,0,0,14.97005988,0.001484039,0,15.90909091,12.04523107,0.021333333,2.544711635,,,50,0.018978933,0.02244417,7.850723939,,,,,,,,,,,,,,,,,,,,,,,,,,,,,,,,,,,,,3,"2,562,122",0.005932078
Brazil,39.26701571,,33.62561952,34,65.42044467,15.12605042,50,,32.65867066,64.73594549,29.16666667,37.93103448,81.05263158,72.72727273,19.93554328,53.82882883,57.97101449,77.71428571,46.66666667,52.77777778,37.70491803,29.89690722,29.62962963,30.66,43.87,43.4,65.88235294,71.05263158,79.54545455,70.37037037,55.28385353,39.83779798,65.71782178,5.55555556,49.16512059,,,65.07936508,54.02806197,5.833607985,5.833607985,37.12121212,58.64197531,4.404209036,6.112469438,4.526046114,1.509801357,0.678426052,0.4784689,2.442748092,11.2195122,5.412719892,2.836879433,22.75449102,1.255571589,17,16.66475244,30.77439097,1.594666667,33.64424945,4.876796715,0,72.5,2.619092807,3.209516328,19.4055479,47.03,,,,,,,,,,,,,,,,,,,,,,,,,,,,,,,,,,,,952,"212,812,405",2.820702951
Brunei,21.9895288,,,,,,100,,10.61969015,75.46848382,,,82.10526316,,49.17127072,,33.33333333,85.42857143,,,,,,91.04,82.55,80.19,,,72.72727273,60.15712682,33.15310887,33.15310887,,48.61111111,,,,34.39153439,21.84156679,,,65.90909091,1.234567901,,,0,0.007265647,,,,,0,0,29.94011976,1.15907E-06,0,2.90478752,2.565848039,0.029333333,,,,,0.018978933,0.011222085,,,,,,,,,,,,,,,,,,,,,,,,,,,,,,,,,,,,,,2,"466,330",0.002966039
Bulgaria,49.38917976,53.93914131,63.97255051,57,8.135635325,,65,,10.61969015,71.37989779,79.16666667,37.93103448,88.42105263,82.82828283,32.28974831,41.66666667,10.14492754,88,,,,,,42.92,61.79,49.53,,39.47368421,78.40909091,75.8698092,,,74.00990099,72.22222222,,,0.000650925,31.74603175,24.60391698,3.705447526,3.705447526,28.03030303,1.851851852,2.830245807,2.444987775,1.793339026,0.12787538,,,,0,0.473612991,0.425531915,9.580838323,0.062916065,6,23.55172917,13.22461967,0.344,31.86030545,0.154004107,,30,0.170810401,0.302996297,29.10107146,54.58,,,,,,,,,,,,,,,,,,,,,,,,,,,,,,,,,,,,87,"6,714,560",0.255079342
Burkina Faso,4.537521815,70.79338613,29.43194815,60,78.00273258,,30,,6.246876562,9.880749574,,34.48275862,27.36842105,,33.53284223,,20.28985507,85.14285714,,,,,,21.23,34.43,28.3,,,29.54545455,52.18855219,,,34.03465347,23.61111111,,,4.499406252,79.36507937,13.10143233,,,96.96969697,,,0.488997555,0,0.004359388,,,,,0,0,29.94011976,0.006380907,0,39.52234207,3.674816259,,1.465436399,,,45,0.006326311,0,8.695069534,,,,,,,,,,,,,,,,,,,,,,,,,,,,,,,,,,,,,,"24,074,580",
Burundi,5.235602094,,,,,,15,,4.997501249,6.814310051,,18.96551724,24.21052632,,41.19091467,,56.52173913,97.71428571,,,,,,10.38,17.45,9.91,,,26.13636364,44.21997755,,,25.99009901,16.66666667,,,,87.3015873,,,,95.45454545,,,,,,,,,,0,0,0,0.000123669,,36.55705996,4.613067218,,3.603221917,,,,0,0,0,,,,,,,,,,,,,,,,,,,,,,,,,,,,,,,,,,,,,1,"14,390,003",0
Cambodia,16.92844677,,,,,,80,,6.246876562,37.47870528,5,8.620689655,34.73684211,,25.1995089,,75.36231884,99.71428571,,,,,,36.79,25,21.23,40,,47.72727273,40.29180696,,,30.07425743,44.44444444,,,,75.66137566,12.94358375,,,77.27272727,,,,0.170794193,0.045047009,,,,,0.135317997,0.141843972,31.13772455,0.009236753,0,23.45999222,10.51595066,0.152,13.82376582,0,,22.5,0.082242045,0.134665021,0.34981889,64.22,,,,,,,,,,,,,,,,,,,,,,,,,,,,,,,,,,,,8,"17,847,982",0.020762272
Cameroon,7.329842932,,,,,,60,,15.81709145,35.26405451,21.25,43.10344828,43.15789474,52.52525253,39.50276243,,30.43478261,90,,,,,,18.87,19.34,15.57,,,40.90909091,47.69921437,,,32.7970297,8.33333333,,,,87.83068783,1.663256358,56.06666981,56.06666981,92.42424242,,,,0.341588386,0.004359388,,,,,0,0,26.34730539,0.003255717,0,12.74475524,2.501701838,0.005333333,18.03972135,,,22.5,0,0.011222085,4.564846502,29.38,,,,,,,,,,,,,,,,,,,,,,,,,,,,,,,,,,,,11,"29,879,337",0.029660389
Canada,74.52006981,64.58246492,18.92870759,33,61.94261582,77.94117647,85,13.1039649,67.54122939,94.54855196,,94.82758621,100,18.18181818,64.34929405,19.36936937,73.91304348,84.85714286,48.88888889,55.55555556,42.62295082,50.51546392,55.74074074,94.34,95.75,92.92,90.58823529,92.10526316,86.36363636,85.18518519,83.03022856,76.33325141,,27.38888889,,39.58325451,30.54378108,11.64021164,68.585209,24.99646876,24.99646876,9.848484848,,17.66993819,1.95599022,8.625106746,5.796532833,12.41519674,6.698564593,3.053435115,41.46341463,10.28416779,13.33333333,26.34730539,4.602506828,16,27.42134747,40.70110566,9.482666667,66.13068524,42.91581109,54.09979567,40,11.00778136,7.799349119,61.97064641,47.1,,,,,,,,,,,,,,,,,,,,,,,,,,,,,,,,,,,,2797,"40,126,723",8.293044639
Cayman Islands,,,,,,,,,,,,,,,,,,,,,,,,87.74,83.49,74.53,,,,,,,,100,,,,,,,,,,,,0,0.268828923,,,0,0.487804878,0.338294993,0.425531915,,0.163263699,22,30.97793076,32.51407586,,,1.540041068,,,0.430189157,0.785545954,98.86803887,65.35,,,,,,,,,,,,,,,,,,,,,,,,,,,,,,,,,,,,59,"75,844",0.172030254
Central African Republic,,,,,,,35,,2.498750625,1.192504259,,,8.421052632,,,,68.11594203,83.42857143,,,,,,4.25,6.13,3.77,,,5.681818182,27.27272727,,,22.77227723,16.66666667,,,,96.82539683,,,,,,,,,0,,,,,0,0,,,,0,0,,,,,,0,0.011222085,,,,,,,,,,,,,,,,,,,,,,,,,,,,,,,,,,,,,,,"5,513,282",
Chad,,,,,,,30,,,2.385008518,,22.4137931,14.73684211,,21.83855126,,37.68115942,97.14285714,,,,,,8.49,12.74,8.02,,,11.36363636,28.39506173,,,15.84158416,2.77777778,,,,95.76719577,,,,,,,,0.170794193,,,,,,0,0,,0.000240442,,23.37662338,20.64896755,,0.393864291,,,32.5,0,0,7.96833029,,,,,,,,,,,,,,,,,,,,,,,,,,,,,,,,,,,,,,"21,003,705",
Chile,39.09249564,65.81909129,45.02478079,64,58.03005838,,55,8.234790518,35.15742129,81.77172061,53.75,48.27586207,88.42105263,57.57575758,60.81952118,43.24324324,23.1884058,74.57142857,,,,,34.62962963,69.34,81.13,72.64,90.58823529,56.57894737,85.22727273,61.72839506,52.60506267,43.76996805,92.07920792,25,20.59369202,86.44228865,,30.68783069,80.76585794,7.716935826,7.716935826,37.87878788,24.69135802,2.657431258,1.711491443,2.220324509,0.292078992,,,0.152671756,3.414634146,1.082543978,1.134751773,13.17365269,0.150939886,13,33.28197227,21.12247329,0.232,23.64927323,0,48.32784617,67.5,0.56304169,0.460105488,25.43597354,56.25,,,,,,,,,,,,,,,,,,,,,,,,,,,,,,,,,,,,145,"19,859,921",0.427109595
China,80.45375218,77.54619981,0,86,70.1900385,72.68907563,60,,65.04247876,69.50596252,24.16666667,25.86206897,,66.66666667,51.01289134,35.81081081,49.27536232,86.85714286,100,100,100,100,57.77777778,68.4,36.79,52.83,0,28.94736842,81.81818182,40.51627385,53.77242566,53.77242566,40.96534653,30.55555556,100,,43.77697389,16.4021164,70.57585501,2.650783935,2.650783935,7.575757576,,8.45114379,100,2.561912895,10.37243704,2.713704206,2.511961722,25.49618321,80.48780488,2.232746955,13.04964539,70.05988024,24.58917716,20,55.33968374,27.96760992,6.074666667,56.59806417,60.52361396,,37.5,23.99569811,19.87431265,46.1500921,42.15,,,,,,,,,,,,,,,,,,,,,,,,,,,,,,,,,,,,4388,"1,416,096,094",13.01201246
Colombia,33.15881326,44.19897179,56.44300419,96,58.70078251,,90,,30.18490755,64.39522998,37.5,32.75862069,75.78947368,81.81818182,49.21731123,,44.92753623,72.85714286,,,,,24.07407407,53.77,56.6,38.68,65.88235294,,72.72727273,63.2996633,49.92627181,42.68862128,63.49009901,2.77777778,8.53432282,100,,34.92063492,47.63519439,8.390225529,8.390225529,45.45454545,37.03703704,2.825587732,,2.305721605,0.294985251,,,0.305343512,1.463414634,0.744248985,0.709219858,19.16167665,0.252357253,15,16.10442136,16.17398065,0.426666667,25.59079644,0.256673511,45.42298385,50,0.474473335,0.594770508,21.87838143,47.44,,,,,,,,,,,,,,,,,,,,,,,,,,,,,,,,,,,,172,"53,425,635",0.507192644
Congo,,,,,,,30,,9.145427286,36.28620102,,32.75862069,13.68421053,,15.96071209,,28.98550725,87.42857143,,,,,,3.3,5.66,4.25,,,25,35.4657688,,,23.88613861,16.66666667,,,,96.2962963,10.29523531,,,,,,,,0.005812517,,,,,0,0,34.13173653,0.006131456,0,25.17482517,8.086308972,0.010666667,4.721515172,,,,0.012652622,0.011222085,0.099305362,100,,,,,,,,,,,,,,,,,,,,,,,,,,,,,,,,,,,,4,"6,484,437",0.008898117
Costa Rica,31.58813264,,,,,,85,,10.61969015,72.57240204,56.25,37.93103448,81.05263158,58.58585859,63.01411909,52.02702703,34.7826087,76.57142857,,,,,,55.66,71.23,64.62,89.41176471,,77.27272727,61.39169473,50.30720079,50.30720079,86.75742574,16.66666667,12.80148423,45.69821328,4.95381229,38.62433862,33.89652148,22.83064174,22.83064174,52.27272727,2.469135802,0.275757985,,2.305721605,0.030515716,,,,,0.067658999,0.283687943,20.35928144,0.008456492,17,11.26760563,9.500463945,0.061333333,,0,6.274926838,77.5,0.044284178,0.078554595,29.60939891,84.59,,,,,,,,,,,,,,,,,,,,,,,,,,,,,,,,,,,,15,"5,152,950",0.041524544
Croatia,45.54973822,54.16145616,35.53183378,30,63.83058005,,50,,15.39230385,84.83816014,87.91666667,53.44827586,,64.64646465,23.91037446,,24.63768116,82.85714286,,,,,52.22222222,70.28,68.4,61.32,,38.15789474,81.81818182,68.79910213,,,88.11881188,50,,,22.4019111,26.45502646,26.3285589,11.314092,11.314092,31.81818182,3.086419753,1.976886636,0,1.280956447,0.071203336,,,0.152671756,,0.135317997,0.141843972,14.37125749,0.036674966,17,8.886004001,3.096149708,0.461333333,23.17084199,,,5,0.170810401,0.078554595,16.99551776,64.56,,,,,,,,,,,,,,,,,,,,,,,,,,,,,,,,,,,,59,"3,848,160",0.172030254
Cuba,,,,,,,,,7.496251874,65.41737649,51.66666667,,83.15789474,,,,37.68115942,95.42857143,,,,,,37.26,7.08,36.32,12.94117647,,45.45454545,43.88327722,,,24.00990099,2.77777778,,,5.808814816,,0,96.4216771,96.4216771,,3.703703704,,0.488997555,,,,,,,0,0,,,0,37.35177866,4.71335129,0.005333333,12.17630116,,,,0,0,3.509889534,,,,,,,,,,,,,,,,,,,,,,,,,,,,,,,,,,,,,,"10,937,203",
Cyprus,60.90750436,73.48895373,21.46397255,22,33.67283567,,60,28.5140992,22.76361819,89.77853492,69.16666667,37.93103448,,63.63636364,46.13259669,34.90990991,43.47826087,82.85714286,,,,,29.25925926,75.47,75.47,68.87,,40.78947368,88.63636364,67.78900112,,,,65.27777778,,,14.94677804,28.04232804,27.47442268,12.87254579,12.87254579,19.6969697,1.851851852,2.164607022,0,0.683176772,0.310969673,,,,,0.473612991,1.276595745,17.36526946,0.057275483,4,17.0300288,10.21937026,0.112,13.74740438,0.051334702,,32.5,0.366926045,0.84165638,35.27710496,51.95,,,,,,,,,,,,,,,,,,,,,,,,,,,,,,,,,,,,72,"1,370,754",0.210588759
Czech Republic,58.9877836,,,,,,70,,37.63118441,87.73424191,71.25,77.5862069,,73.73737374,49.81583794,25,20.28985507,92.85714286,,,,,,81.13,88.68,83.49,,52.63157895,81.81818182,76.54320988,,,96.16336634,41.66666667,,23.72414059,35.91998352,21.16402116,22.48757673,6.516314327,6.516314327,21.96969697,9.87654321,,,2.561912895,0.38071988,0,0,0,0,0.811907984,1.560283688,13.17365269,0.107715714,8,61.21485026,16.82243564,1.44,51.23970125,0.051334702,45.58066875,27.5,0.569368002,0.740657614,41.62064751,51.32,,,,,,,,,,,,,,,,,,,,,,,,,,,,,,,,,,,,186,"10,609,239",0.548717188
Denmark,81.84991274,,,,,0,70,13.37150195,52.57371314,97.44463373,86.25,100,90.52631579,89.8989899,78.51442603,,72.46376812,85.71428571,80,66.66666667,57.37704918,49.48453608,,98.58,98.58,99.53,,51.31578947,100,95.84736251,,,,38.88888889,,31.00497431,50.61591252,1.587301587,73.52236188,15.39149677,15.39149677,6.818181818,3.086419753,7.221412235,0.733496333,1.110162254,1.865818039,0.339213026,0.358851675,0.152671756,8.292682927,1.217861976,1.70212766,22.75449102,1.561544512,9,41.14811634,46.41028257,1.224,43.91302164,1.334702259,24.49576694,40,2.068703739,1.77308944,80.86446668,45.97,,,,,,,,,,,,,,,,,,,,,,,,,,,,,,,,,,,,835,"6,002,507",2.473676405
Djibouti,,,,,,,40,,4.997501249,22.99829642,,,34.73684211,,,,0,25.42857143,,,,,,22.17,18.87,14.62,,,21.59090909,31.5375982,,,30.81683168,30.55555556,,,,58.73015873,,,,,0,,,0,0,,,,,0,0,,,,19.63636364,0,,,,,,0.006326311,0,,,,,,,,,,,,,,,,,,,,,,,,,,,,,,,,,,,,,,,"1,184,076",
Dominican Republic,18.4991274,86.82784494,53.04994281,79,76.58675941,,45,,7.496251874,65.75809199,45.41666667,32.75862069,69.47368421,37.37373737,34.5150399,,49.27536232,84.28571429,,,,,,50,54.25,50.47,,,62.5,60.26936027,50.6266896,50.6266896,65.96534653,25,2.41187384,,,60.31746032,12.31218942,15.74462074,15.74462074,72.72727273,5.555555556,,,0.170794193,0.014531293,,,,,0.202976996,0,10.17964072,0.00153193,0,9.350649352,9.17731891,0.04,6.279891486,,,62.5,0.025305245,0.011222085,12.74758837,73.68,,,,,,,,,,,,,,,,,,,,,,,,,,,,,,,,,,,,2,"11,520,487",0.002966039
Ecuador,15.88132635,45.65791302,62.54288982,74,51.64575829,,45,,15.39230385,65.58773424,28.75,29.31034483,84.21052632,55.55555556,43.75383671,26.12612613,42.02898551,90.28571429,,,,,18.7037037,40.09,35.38,26.89,63.52941176,,68.18181818,71.49270483,19.43966577,19.0218727,58.16831683,30.55555556,,,,67.72486772,31.33878983,11.85554875,11.85554875,78.78787879,13.58024691,0.099682785,,1.366353544,0.013078164,,,0,,0.067658999,0.141843972,16.76646707,0.023094595,0,10.74649617,8.886653945,0.034666667,15.43790609,,,47.5,0.025305245,0.04488834,19.99567977,8.29,,,,,,,,,,,,,,,,,,,,,,,,,,,,,,,,,,,,16,"18,289,896",0.044490583
Egypt,23.56020942,65.98582743,26.49637819,9,63.358589,,65,,37.63118441,59.28449744,28.75,24.13793103,82.10526316,39.39393939,16.91221608,30.40540541,11.5942029,79.42857143,,,,,,33.96,24.53,42.45,22.35294118,,56.81818182,44.55667789,22.11845662,24.28115016,30.94059406,37.5,19.66604824,,18.34969187,59.78835979,23.76205788,1.619661943,1.619661943,64.39393939,21.60493827,0.665172978,6.84596577,2.988898377,0.290625863,0,,0,0,1.217861976,1.560283688,10.77844311,0.238941668,10,15.72778739,11.38190646,0.565333333,29.02036305,0.154004107,,5,0.525083824,0.493771743,5.0129707,59.4,,,,,,,,,,,,,,,,,,,,,,,,,,,,,,,,,,,,277,"118,365,995",0.818626724
El Salvador,18.15008726,,,,,,80,,2.498750625,50.08517888,50.83333333,13.79310345,60,,28.54511971,34.00900901,42.02898551,91.71428571,,,,,,38.68,34.91,24.06,,,52.27272727,46.8013468,,,52.5990099,16.66666667,,,2.883342061,47.61904762,22.62788658,16.18249447,16.18249447,73.48484848,3.703703704,,,0.085397097,0.011625035,,,,,0,0,21.55688623,0.00268485,0,19.91755261,8.279299639,0.008,7.200750218,,,77.5,0.006326311,0.056110425,19.99567977,69.08,,,,,,,,,,,,,,,,,,,,,,,,,,,,,,,,,,,,6,"6,365,503",0.014830194
Equatorial Guinea,,,,,,,40,,,45.99659284,,,,,,,,76.28571429,,,,,,9.91,5.19,7.08,,,20.45454545,33.10886644,,,19.05940594,2.77777778,,,,93.65079365,,,,,,,,0,0,,,,,0,0,,,,25.17482517,0,,,,,,0,0,,,,,,,,,,,,,,,,,,,,,,,,,,,,,,,,,,,,,,,"1,938,431",
Eritrea,,,,,,,0,,,19.25042589,,,38.94736842,,,,79.71014493,84.28571429,,,,,,3.77,0.47,2.83,,,9.090909091,,,,2.227722772,16.66666667,,,,99.47089947,,,,,,,,,,,,,,0,0,,,,,,,,,,,0,0,,,,,,,,,,,,,,,,,,,,,,,,,,,,,,,,,,,,,,,"3,607,003",
Estonia,73.47294939,44.39349729,45.13915364,31,45.68376599,,70,64.63160148,20.28985507,88.41567291,75.83333333,70.68965517,,26.26262626,55.31000614,28.82882883,43.47826087,82,,,,,69.62962963,89.62,92.92,89.62,97.64705882,52.63157895,96.59090909,87.87878788,,,100,44.44444444,,25.3686338,31.53141644,8.994708995,26.07132417,12.06742314,12.06742314,11.36363636,1.234567901,10.52911063,,0.512382579,0.5303922,,,0.152671756,,0.676589987,0.283687943,12.5748503,0.173030794,12,6.612361698,2.157579384,0.181333333,19.32865564,0.051334702,58.72395035,47.5,0.78446258,0.84165638,45.5203581,54.78,,,,,,,,,,,,,,,,,,,,,,,,,,,,,,,,,,,,344,"1,344,232",1.017351327
Eswatini,,,,,,,55,,,39.18228279,,,38.94736842,,22.95887047,,,0,,,,,,26.42,23.58,29.25,,,40.90909091,15.82491582,,,27.1039604,,,,,63.49206349,,,,,,,,,,,,,,0,0,,0,,,,,,,,7.5,,0,7.289893654,,,,,,,,,,,,,,,,,,,,,,,,,,,,,,,,,,,,,,"1,256,174",
Ethiopia,3.664921466,,,,,,15,,15.39230385,19.08006814,42.5,32.75862069,27.36842105,28.28282828,22.20687538,,56.52173913,90.57142857,,,,,,24.06,16.98,26.42,21.17647059,,22.72727273,44.21997755,,,28.83663366,16.66666667,,,,83.5978836,1.926337328,71.4157917,71.4157917,97.72727273,,,,0.085397097,0.02179694,,,,,0.202976996,0.283687943,15.56886228,0.010610885,0,21.28833872,18.80435033,0.141333333,36.51801862,,,7.5,0.031631556,0.056110425,1.40407582,0,,,,,,,,,,,,,,,,,,,,,,,,,,,,,,,,,,,,21,"135,472,051",0.059320777
Fiji,,,,,,,25,,13.49325337,59.4548552,,,84.21052632,,,,34.7826087,88,,,,,,71.23,50.47,59.43,,,60.22727273,46.01571268,,,,30.55555556,,,,53.43915344,,6.158482038,6.158482038,,,,,0.25619129,,,,,,0,0,,,,,,0.018666667,,,,,0.006326311,0,15.82545457,,,,,,,,,,,,,,,,,,,,,,,,,,,,,,,,,,,,,,"933,154",
Finland,85.86387435,,38.14334731,38,60.04223078,,60,36.75424046,40.12993503,95.74105622,80.83333333,86.20689655,95.78947368,83.83838384,77.83916513,6.306306306,59.42028986,79.71428571,37.77777778,36.11111111,29.50819672,37.11340206,,96.7,97.17,100,,98.68421053,97.72727273,94.8372615,,,,44.44444444,,17.41369541,53.79621508,10.05291005,41.9087986,8.305475776,8.305475776,4.545454545,5.555555556,8.303948649,1.466992665,1.110162254,0.900940175,0.339213026,0,0.458015267,5.853658537,1.420838972,1.134751773,26.94610778,0.608511134,7,51.52938704,53.39789613,1.04,41.23266796,1.642710472,64.4198453,25,1.410767382,1.425204803,56.9018727,42.04,,,,,,,,,,,,,,,,,,,,,,,,,,,,,,,,,,,,546,"5,623,329",1.616491176
France,78.88307155,57.88522996,46.62600076,42,47.39783878,55.88235294,50,8.983894269,77.53623188,90.28960818,53.33333333,67.24137931,94.73684211,91.91919192,55.93922652,15.09009009,42.02898551,79.42857143,51.11111111,41.66666667,37.70491803,41.2371134,64.62962963,83.02,85.38,85.38,78.82352941,60.52631579,89.77272727,75.30864198,97.10002458,97.10002458,,28.25,,11.19535239,39.93621274,16.93121693,84.0456007,12.56650501,12.56650501,8.333333333,29.62962963,11.44675123,65.03667482,13.83432963,4.27946583,2.10312076,1.555023923,3.816793893,57.56097561,8.525033829,10.07092199,40.71856287,4.739117902,10,50.23941663,40.54315624,6.72,89.7958671,6.416837782,24.67989986,7.5,7.509331309,5.049938279,51.2111654,52,,,,,,,,,,,,,,,,,,,,,,,,,,,,,,,,,,,,2466,"66,650,804",7.311285778
Gabon,,,,,,,40,,0,53.32197615,,37.93103448,,,16.60527931,,5.797101449,42.28571429,,,,,,24.53,25.47,22.17,,,52.27272727,35.91470258,,,44.43069307,16.66666667,,,,88.88888889,11.57848582,,,,,,,0,0,,,,,0,0,0,0,0,24.19974392,3.053720553,,,,,47.5,0.006326311,0,,,,,,,,,,,,,,,,,,,,,,,,,,,,,,,,,,,,,,,"2,593,130",
Gambia,,,,,,,30,,4.997501249,19.5911414,,,,,42.17311234,54.95495495,24.63768116,81.71428571,,,,,,27.36,24.06,37.26,55.29411765,,25,49.60718294,,,58.53960396,25,,,,81.48148148,,,,,,,0,0.170794193,,,,,,0,0,0,0,,3.506493507,3.097345133,,,,,57.5,0,0,4.025717389,,,,,,,,,,,,,,,,,,,,,,,,,,,,,,,,,,,,,,"2,822,093",
Georgia,35.2530541,,,,,,85,27.65798063,13.49325337,73.93526405,61.25,29.31034483,95.78947368,51.51515152,14.2111725,,31.88405797,67.42857143,,,,,,72.64,81.6,56.6,76.47058824,,75,78.45117845,,,53.83663366,58.33333333,,,4.529640336,3.174603175,11.24817305,4.995527096,4.995527096,42.42424242,1.851851852,0.3395736,0.244498778,0.170794193,0.023250069,,,,,0.135317997,0.283687943,11.37724551,0.006849971,33,25.53668098,8.013665024,0.061333333,23.21052984,0,,72.5,0.031631556,0.089776681,,26.21,,,,,,,,,,,,,,,,,,,,,,,,,,,,,,,,,,,,18,"3,806,671",0.050422661
Germany,83.59511344,37.93247186,49.40907358,34,35.68500807,70.16806723,70,8.234790518,90.0049975,97.10391823,84.16666667,91.37931034,84.21052632,97.97979798,70.62615101,,57.97101449,91.42857143,44.44444444,47.22222222,40.98360656,48.45360825,54.81481481,88.21,92.45,91.98,80,63.15789474,89.77272727,87.09315376,96.2890145,96.2890145,,16.86111111,,9.24812539,56.55180382,11.11111111,27.21426483,20.26460756,20.26460756,6.060606061,32.09876543,11.88274696,40.83129584,10.58923997,7.862882718,3.459972863,2.990430622,4.427480916,58.04878049,8.592692828,11.63120567,29.34131737,4.445682657,16,32.51565705,28.83872924,21.512,100,4.568788501,100,17.5,11.09002341,10.78442375,71.12864095,49.88,,,,,,,,,,,,,,,,,,,,,,,,,,,,,,,,,,,,2942,"84,075,075",8.723120273
Ghana,17.10296684,,,,,,60,,17.84107946,37.81942078,55.83333333,32.75862069,54.73684211,3.03030303,37.55371393,,34.7826087,91.42857143,,,,,,50.47,44.81,51.42,65.88235294,,55.68181818,44.44444444,32.90734824,32.90734824,62.9950495,30.55555556,,,,61.9047619,14.03390821,17.23715806,17.23715806,75.75757576,,0.17793843,,0.512382579,0.101719052,,,,,0.473612991,0.567375887,18.56287425,0.031024596,13,15.56617462,4.798610887,0.381333333,25.27463326,,,12.5,0.139178845,0.134665021,4.539345125,46.57,,,,,,,,,,,,,,,,,,,,,,,,,,,,,,,,,,,,53,"35,064,272",0.154234021
Greece,45.37521815,68.29234403,21.69271826,49,40.47944355,,45,,42.60369815,87.39352641,85.83333333,55.17241379,92.63157895,77.77777778,25.78268877,,15.94202899,68.57142857,13.33333333,30.55555556,16.39344262,12.37113402,45.92592593,66.51,67.45,59.91,,47.36842105,86.36363636,65.31986532,65.99901696,70.43499631,,38.88888889,,27.02589027,26.20937898,41.26984127,18.20520316,12.07683978,12.07683978,33.33333333,4.938271605,1.954062073,2.200488998,1.537147737,0.239766337,0.067842605,0,0.152671756,4.390243902,0.270635995,0.992907801,14.37125749,0.10402138,17,35.26358074,23.23886185,1.376,27.40923706,0.46201232,67.66115562,20,0.442841779,0.381550892,22.75752891,48.75,,,,,,,,,,,,,,,,,,,,,,,,,,,,,,,,,,,,146,"9,938,844",0.430075634
Guatemala,7.678883072,97.40169515,44.33854365,50,73.46913427,,85,,6.246876562,42.41908007,45.41666667,22.4137931,41.05263158,,49.18661756,,55.07246377,93.71428571,,,,,14.44444444,16.51,41.51,13.21,,,47.72727273,39.05723906,,,37.5,30.55555556,,,0.000315654,50.26455026,17.79596609,19.65252601,19.65252601,91.66666667,2.469135802,,,0,0.02179694,0.067842605,0.119617225,,,0.135317997,0.283687943,18.56287425,0.011673396,0,13.62415561,10.09340759,0.034666667,13.73132829,0,,72.5,0.031631556,0.089776681,20.9296302,75.43,,,,,,,,,,,,,,,,,,,,,,,,,,,,,,,,,,,,5,"18,687,881",0.011864155
Guinea,,,,,,,30,,,15.50255537,,8.620689655,28.42105263,,54.71147944,,17.39130435,85.42857143,,,,,,15.57,15.57,14.15,,,30.68181818,49.60718294,,,35.27227723,30.55555556,,,,82.01058201,,,,,,,,0,,,,,,0,0,0,0,,30.95823096,3.906561429,0.002666667,,0,,52.5,0,0,0.052902857,,,,,,,,,,,,,,,,,,,,,,,,,,,,,,,,,,,,,,"15,099,727",
Guinea-Bissau,,,,,,,30,,2.498750625,17.54684838,,,4.210526316,,,,53.62318841,92.85714286,,,,,,6.6,8.02,6.6,,,19.31818182,,,,38.11881188,30.55555556,,,,91.53439153,,,,,,,,,,,,,,0,0,,,,0,54.20353982,,,,,,0,0,,,,,,,,,,,,,,,,,,,,,,,,,,,,,,,,,,,,,,,"2,249,515",
Haiti,,,,,,,35,0.04815667,4.997501249,29.30153322,15,8.620689655,,,11.89379988,,,58.57142857,,,,,,0.94,8.49,7.55,,,18.18181818,2.693602694,,,12.74752475,16.66666667,,,,94.17989418,12.26541947,,,,,,,0,0.002906259,,,,,0,0,,0.000740679,0,19.7492163,4.984233545,,,,,,0,0.011222085,4.054918966,,,,,,,,,,,,,,,,,,,,,,,,,,,,,,,,,,,,,,"11,906,095",
Honduras,11.34380454,,,,,,80,,,41.56729131,62.08333333,17.24137931,41.05263158,,35.65070595,,53.62318841,82.85714286,,,,,,19.34,33.49,16.98,,,34.09090909,44.21997755,34.48021627,34.48021627,42.94554455,16.66666667,,,,69.84126984,18.72551885,,,85.60606061,1.851851852,,,0.512382579,0.002906259,,,,,0.067658999,0,29.94011976,0.0015585,0,14.80127912,3.268555165,0.005333333,6.769542501,,,62.5,0.012652622,0.011222085,10.02544137,,,,,,,,,,,,,,,,,,,,,,,,,,,,,,,,,,,,,,"11,005,850",
Hungary,51.30890052,55.93997499,57.43423561,26,19.27710843,,75,,27.71114443,80.23850085,78.75,70.68965517,88.42105263,49.49494949,26.02823818,32.65765766,24.63768116,88.57142857,,,,,47.40740741,68.87,64.62,63.21,70.58823529,43.42105263,78.40909091,70.03367003,68.5549275,77.16883755,63.36633663,75,7.050092764,21.95935038,29.55452589,26.98412698,61.99064601,6.210273553,6.210273553,26.51515152,8.641975309,1.680167318,3.422982885,0.597779676,0.21215688,,,,0.975609756,0.473612991,2.553191489,17.36526946,0.039627785,12,40.66131937,20.22983644,0.488,32.20426686,0.154004107,39.67376913,37.5,0.341620801,0.549882168,30.99177356,47.63,,,,,,,,,,,,,,,,,,,,,,,,,,,,,,,,,,,,94,"9,632,287",0.275841614
Iceland,66.84118674,,,,,,55,,12.99350325,98.63713799,,,90.52631579,,67.00429711,,94.20289855,90.28571429,20,19.44444444,19.67213115,28.86597938,,93.87,88.21,95.28,100,60.52631579,96.59090909,58.58585859,,,,41.66666667,,39.84147241,50.48633942,13.22751323,85.44869921,33.14656999,33.14656999,15.90909091,0.617283951,3.625844858,,0.426985483,0.161297354,0.067842605,,,,0.405953992,0.141843972,18.56287425,0.124703133,14,12.09632257,6.351571538,0.136,9.725534195,0.205338809,20.93680225,47.5,0.328968179,0.269330042,73.32455953,53.4,,,,,,,,,,,,,,,,,,,,,,,,,,,,,,,,,,,,102,"398,266",0.299569924
India,49.04013962,88.82867862,3.27868852,34,86.7097255,18.27731092,80,,35.15742129,44.97444634,39.58333333,18.96551724,60,40.4040404,42.38796808,,23.1884058,88.28571429,84.44444444,83.33333333,88.52459016,86.59793814,85.18518519,63.21,50.94,55.19,48.23529412,18.42105263,56.81818182,58.92255892,30.1548292,30.1548292,54.45544554,16.66666667,51.94805195,,,32.27513228,17.07980123,0.918122322,0.918122322,28.78787879,100,6.152850043,24.69437653,9.479077711,100,7.055630936,2.751196172,10.6870229,27.80487805,12.38159675,23.68794326,19.76047904,9.079910009,19,8.338524819,9.424984631,7.034666667,45.92052381,54.72279261,,62.5,46.14411337,15.50892156,6.823068446,50.43,,,,,,,,,,,,,,,,,,,,,,,,,,,,,,,,,,,,7646,"1,463,865,525",22.67536705
Indonesia,35.60209424,72.94706128,52.85932139,100,92.57235126,,70,2.884049441,20.28985507,56.72913118,30,32.75862069,77.89473684,94.94949495,52.93124616,47.52252252,44.92753623,90.85714286,93.33333333,80.55555556,95.08196721,74.22680412,,66.04,59.43,45.28,47.05882353,21.05263158,71.59090909,78.5634119,28.81543377,20.02949128,58.78712871,38.88888889,24.30426716,,,38.0952381,8.520900322,8.620933189,8.620933189,40.15151515,43.82716049,2.830711614,0,1.878736123,0.873330718,1.153324288,0.23923445,0.916030534,3.902439024,1.556156969,1.276595745,24.5508982,0.71693145,22,13.15939292,20.44947966,3.146666667,65.68155938,10.26694045,,55,1.644840893,1.503759398,8.90908109,34.98,,,,,,,,,,,,,,,,,,,,,,,,,,,,,,,,,,,,468,"285,721,236",1.385140145
Iran,32.63525305,34.2503821,77.67823103,52,17.19041113,,50,,12.99350325,68.14310051,42.91666667,12.06896552,80,,24.3247391,,11.5942029,74.57142857,,,,,17.77777778,18.4,4.25,17.45,3.529411765,,62.5,43.77104377,,,13.98514851,30.55555556,,,,66.66666667,3.931598948,0.988747116,0.988747116,47.72727273,,,3.667481663,,0.045047009,,,,,0.676589987,0.283687943,10.17964072,0.002402676,0,2.659312518,2.23156502,0.136,36.62033626,,,15,0.044284178,0.168331276,54.59694824,,,,,,,,,,,,,,,,,,,,,,,,,,,,,,,,,,,,,2,"92,417,681",0.002966039
Iraq,,,,,,,0,,7.496251874,49.91482112,7.5,24.13793103,42.10526316,5.050505051,,,18.84057971,56.28571429,,,,,,9.43,11.79,3.3,36.47058824,,39.77272727,43.77104377,,,32.42574257,58.33333333,,,0,90.47619048,8.748903829,12.34992231,12.34992231,,19.13580247,,0.97799511,0.25619129,0.026156328,,,,,0,0,3.592814371,0.002228098,0,6.315297055,2.975151414,0.072,8.474110791,,,52.5,0.050610489,0.02244417,39.09921136,0,,,,,,,,,,,,,,,,,,,,,,,,,,,,,,,,,,,,14,"47,020,774",0.038558505
Ireland,69.45898778,,,,,,70,,40.27986007,97.10391823,,72.4137931,98.94736842,32.32323232,59.05463475,,57.97101449,88,,,,,,93.4,95.28,91.51,,71.05263158,87.5,80.24691358,92.50430081,92.50430081,,65.27777778,,33.37977034,20.35177503,12.16931217,42.42619117,20.92848063,20.92848063,13.63636364,4.320987654,7.251689716,1.466992665,2.561912895,1.158144063,0.678426052,0.956937799,0.916030534,11.70731707,2.097428958,1.134751773,26.94610778,0.824329737,12,37.48408119,42.8352341,1.125333333,30.8995914,0.616016427,62.83430695,10,1.708104005,1.077320166,66.00706438,44.14,,,,,,,,,,,,,,,,,,,,,,,,,,,,,,,,,,,,519,"5,308,039",1.536408127
Isle of Man,,,,,,,,,,,,,,,,,,,,,,,,,,,,,,,,,,100,,,,,,,,,,,,0,0,,,,,0,0,,0.001206007,0,18.18181818,10.70687206,,,,,,0,0.011222085,35.21090139,,,,,,,,,,,,,,,,,,,,,,,,,,,,,,,,,,,,,3,"84,118",0.005932078
Israel,74.17102967,56.09281645,45.15821578,48,42.78971556,,70,43.71020386,47.6011994,91.14139693,52.5,94.82758621,98.94736842,54.54545455,52.10251688,,47.82608696,90,,,,,56.48148148,85.38,86.32,81.13,,51.31578947,90.90909091,71.26823793,,,,36.11111111,,56.04383823,100,17.98941799,66.18532593,10.45717783,10.45717783,10.60606061,,23.86657413,0.97799511,1.537147737,2.168068936,2.37449118,1.076555024,3.664122137,4.87804878,4.397834912,5.531914894,43.71257485,3.521484025,26,55.55200512,35.77581812,0.261333333,35.35015741,5.390143737,40.6111483,37.5,2.555829696,5.240713725,92.26198215,42.15,,,,,,,,,,,,,,,,,,,,,,,,,,,,,,,,,,,,1384,"9,517,181",4.102031737
Italy,61.2565445,60.5530082,30.61380099,31,26.14582039,42.64705882,45,,67.54122939,89.60817717,,41.37931034,94.73684211,88.88888889,50.27624309,20.04504505,17.39130435,78.57142857,20,36.11111111,22.95081967,6.18556701,47.96296296,66.98,68.87,58.49,77.64705882,63.15789474,85.22727273,74.41077441,86.31113296,85.77045957,,22.75,,14.52450419,26.16438958,30.15873016,26.12686349,11.19167569,11.19167569,18.93939394,30.86419753,4.400948384,21.7603912,9.137489325,1.900693143,0.746268657,0.23923445,0.305343512,27.31707317,6.02165088,4.964539007,19.76047904,0.647219921,10,38.6630985,36.79886838,6.317333333,58.11172885,3.696098563,29.57025337,12.5,4.023533877,2.019975311,34.1389435,56.37,,,,,,,,,,,,,,,,,,,,,,,,,,,,,,,,,,,,895,"59,146,260",2.651638736
Ivory Coast,12.7399651,,,,,,70,,17.84107946,26.2350937,3.333333333,37.93103448,36.84210526,25.25252525,42.54143646,,33.33333333,93.71428571,,,,,,37.74,46.23,35.38,,,52.27272727,21.32435466,,,44.67821782,30.55555556,,,,57.67195767,16.57410114,18.4236546,18.4236546,84.09090909,,,,,0.036328233,,,,,0,0,0,0.01647751,10,32.57918552,28.77774663,0.04,,0.051334702,,35,0.044284178,0.06733251,12.18405794,67.71,,,,,,,,,,,,,,,,,,,,,,,,,,,,,,,,,,,,1,"32,711,547",0
Jamaica,27.05061082,,,,,,85,,11.86906547,55.53662692,,34.48275862,72.63157895,,53.05402087,,31.88405797,87.71428571,,,,,,71.7,58.96,51.89,,,56.81818182,66.66666667,,,70.04950495,30.55555556,,,,37.03703704,23.93452207,19.99152502,19.99152502,59.09090909,0.617283951,0.175143585,,0.085397097,0.023250069,,,,,0.067658999,0,8.982035928,0.003147314,0,7.483370289,10.57630045,0.021333333,11.18243017,,,,0.044284178,0.04488834,16.31898122,0,,,,,,,,,,,,,,,,,,,,,,,,,,,,,,,,,,,,4,"2,837,077",0.008898117
Japan,76.61431065,0,25.92451392,9,0,55.25210084,55,,45.10244878,91.99318569,24.16666667,51.72413793,,95.95959596,60.88090853,,52.17391304,92.85714286,28.88888889,44.44444444,29.50819672,17.5257732,48.33333333,96.23,91.51,92.45,81.17647059,48.68421053,92.04545455,75.19640853,94.81445072,94.81445072,,17.38888889,,37.37909732,59.31152864,15.34391534,62.51973107,13.28216959,13.28216959,9.090909091,70.37037037,6.051769835,6.84596577,7.600341588,3.295697284,1.763907734,1.435406699,0.916030534,54.14634146,3.315290934,7.092198582,37.7245509,1.406850853,17,25.81299443,70.01148802,5.282666667,84.03627169,32.85420945,14.14499464,5,9.299677358,4.960161598,47.7665794,59.43,,,,,,,,,,,,,,,,,,,,,,,,,,,,,,,,,,,,923,"123,103,479",2.734687824
Jordan,30.19197208,75.50368209,23.65611895,24,43.41075643,,95,,8.32083958,60.64735945,14.58333333,18.96551724,61.05263158,30.3030303,42.08103131,18.46846847,14.49275362,48.85714286,,,,,43.88888889,59.91,57.08,57.08,44.70588235,14.47368421,59.09090909,72.95173962,37.60137626,37.60137626,42.45049505,44.44444444,,,,39.15343915,48.27535808,12.19454777,12.19454777,54.54545455,14.19753086,0.486768741,,0.085397097,0.081375242,,,,0,0.338294993,0.567375887,10.17964072,0.020585215,10,20.01853568,7.836656361,0.128,9.884620537,0,,27.5,0.151831467,0.145887106,12.37886846,25.58,,,,,,,,,,,,,,,,,,,,,,,,,,,,,,,,,,,,42,"11,520,684",0.121607593
Kazakhstan,27.05061082,93.42781715,100,85,48.00645882,,80,,12.99350325,71.89097104,12.91666667,46.55172414,100,69.6969697,32.50460405,,40.57971014,86.57142857,,,,,,58.49,52.83,35.85,29.41176471,,87.5,69.36026936,,,43.31683168,44.44444444,,,0.001415406,12.6984127,22.44957615,3.587739536,3.587739536,58.33333333,20.98765432,0.293924474,0.733496333,0.170794193,0.066843948,,,,0.487804878,0.338294993,0,9.580838323,0.004425657,0,18.02342026,9.714137816,0.328,12.2958671,0.102669405,,45,0.075915734,0.157109191,15.37083002,79.73,,,,,,,,,,,,,,,,,,,,,,,,,,,,,,,,,,,,14,"20,843,754",0.038558505
Kenya,18.84816754,,,,,,95,0.369201134,18.19090455,37.64906303,77.08333333,43.10344828,44.21052632,2.02020202,44.18354819,,30.43478261,84.28571429,,,,,,41.04,39.15,40.57,64.70588235,,53.40909091,49.60718294,20.77906119,29.22093881,54.45544554,16.66666667,,,7.381148085,29.1005291,3.420052616,14.90653986,14.90653986,71.96969697,,0.81562877,0,0.939368062,0.321141578,,,,,1.082543978,1.134751773,14.97005988,0.178400783,14,19.51542299,7.81793497,3.717333333,51.01681291,0.051334702,,35,0.379578668,0.774323869,10.59887234,51.31,,,,,,,,,,,,,,,,,,,,,,,,,,,,,,,,,,,,154,"57,532,493",0.453803945
Kosovo,,,,,,,85,,17.49125437,,,12.06896552,,,,,,,,,,,,44.34,38.21,39.62,,,,52.86195286,,,61.63366337,72.22222222,,,,29.62962963,23.22128033,6.916521493,6.916521493,,,0.015371644,,,,,,,,0,0,0,0.000402002,0,100,16.0603081,0.005333333,,,,50,0,0,22.75752891,,,,,,,,,,,,,,,,,,,,,,,,,,,,,,,,,,,,,1,"1,600,000",0
Kuwait,31.2390925,,31.91002669,50,61.97987828,,45,,10.61969015,79.55706985,24.58333333,53.44827586,86.31578947,31.31313131,35.37446286,,14.49275362,94.28571429,,,,,,57.55,60.38,57.55,,,75,43.65881033,18.10027034,17.59646105,53.58910891,58.33333333,,,0.000693756,43.38624339,55.62700965,10.47601111,10.47601111,53.03030303,1.851851852,0.1383448,0.244498778,0,0.124969121,0,,,0.487804878,0.067658999,0,19.76047904,0.019941326,0,10.98871931,9.917533321,0.050666667,3.093140867,0.102669405,,32.5,0.259378756,0.190775446,27.73039744,41.87,,,,,,,,,,,,,,,,,,,,,,,,,,,,,,,,,,,,24,"5,026,078",0.068218894
Kyrgyzstan,17.80104712,,,,,,85,,6.246876562,54.68483816,25,10.34482759,83.15789474,,20.18109269,,42.02898551,88.85714286,,,,,,17.92,28.77,12.74,45.88235294,,69.31818182,55.78002245,,,43.81188119,72.22222222,,,0.000643546,41.7989418,21.26278866,2.744950327,2.744950327,74.24242424,3.086419753,0,,0.085397097,0,,,,,0.067658999,0,0,9.04505E-06,,32.60650789,3.200208993,0.026666667,,,,42.5,0,0.011222085,11.43031724,54.42,,,,,,,,,,,,,,,,,,,,,,,,,,,,,,,,,,,,5,"7,295,034",0.011864155
Laos,13.26352531,,,,,,60,,4.997501249,40.88586031,,,57.89473684,,30.75506446,,57.97101449,96.85714286,,,,,,30.19,16.04,23.58,,,32.95454545,48.93378227,,,25.12376238,44.44444444,,,,80.95238095,10.42385267,,,83.33333333,,,,0.170794193,0,,,,,0,0,59.88023952,0.002695426,0,10.60606061,6.691795042,0.002666667,1.391586844,,,52.5,0.006326311,0,0.443723961,,,,,,,,,,,,,,,,,,,,,,,,,,,,,,,,,,,,,,"7,873,046",
Latvia,45.72425829,42.19813811,33.51124666,44,37.62265557,,85,70.67793889,15.39230385,85.00851789,,60.34482759,93.68421053,29.29292929,42.78698588,38.51351351,30.43478261,81.71428571,,,,,56.11111111,75,84.91,79.72,,35.52631579,87.5,84.84848485,,,90.84158416,44.44444444,,22.13542071,13.333053,9.523809524,27.14410991,5.857149583,5.857149583,31.06060606,3.703703704,2.076103614,0,0.768573869,0.123515992,,,,,0.270635995,0.141843972,7.784431138,0.020949741,0,9.242763434,3.932798022,0.178666667,11.59170072,0.102669405,32.62892503,42.5,0.196115645,0.291774212,34.1389435,41.63,,,,,,,,,,,,,,,,,,,,,,,,,,,,,,,,,,,,71,"1,853,559",0.20762272
Lebanon,19.72076789,,80.346931,26,36.40541548,,40,,23.03848076,58.43270869,40,53.44827586,,35.35353535,26.79558011,,31.88405797,67.42857143,,,,,,7.55,13.68,13.68,48.23529412,,50,34.11896745,,,37.25247525,52.77777778,,,,75.13227513,3.361590178,14.60049908,14.60049908,70.45454545,8.024691358,0.296253511,,0.768573869,0.100265923,,,,,0.473612991,0.425531915,11.37724551,0.009180825,5,26.60199326,6.145628523,0.032,,0.051334702,,0,0.151831467,0.246885871,19.99567977,60.06,,,,,,,,,,,,,,,,,,,,,,,,,,,,,,,,,,,,22,"5,849,421",0.062286816
Lesotho,,,,,,,55,,6.246876562,24.02044293,,,37.89473684,,21.62369552,,30.43478261,53.14285714,,,,,,17.45,29.25,33.96,,,39.77272727,41.63860831,,,49.62871287,30.55555556,,,,64.02116402,,,,,,,,0.939368062,,,,,,0,0,,0.000112847,0,22.31404958,9.85518906,,,,,,0,0,12.3406664,,,,,,,,,,,,,,,,,,,,,,,,,,,,,,,,,,,,,,"2,363,325",
Liberia,,,,,,,50,0.090962598,,18.22827939,,,11.57894737,,,,60.86956522,92,,,,,,8.02,16.51,19.34,,,22.72727273,42.87317621,,,46.03960396,30.55555556,,,,92.06349206,,,,,,,,,0.004359388,,,,,0,0,,0.000108842,0,14.12688032,9.358884572,,,0,,80,0.012652622,0,11.54522344,48.99,,,,,,,,,,,,,,,,,,,,,,,,,,,,,,,,,,,,,"5,731,206",
Libya,,,,,,,0,,4.997501249,62.35093697,3.75,,55.78947368,,,,4.347826087,46.57142857,,,,,,2.36,1.42,2.36,40,,28.40909091,23.90572391,,,9.282178218,44.44444444,,,,97.88359788,2.034492838,7.005979566,7.005979566,,3.703703704,,,0,0.005812517,,,,,0,0,,5.25618E-06,,22.63056093,1.537689073,0.010666667,,,,27.5,0.025305245,0,3.670598212,,,,,,,,,,,,,,,,,,,,,,,,,,,,,,,,,,,,,,"7,458,555",
Lithuania,52.18150087,76.11504794,57.03393061,89,60.29064712,,70,26.15977313,12.99350325,85.00851789,72.08333333,44.82758621,97.89473684,19.19191919,43.76918355,31.98198198,31.88405797,80.85714286,,,,,72.22222222,79.72,87.74,83.02,,35.52631579,88.63636364,78.11447811,,,97.15346535,58.33333333,,26.21236459,19.9886106,5.291005291,,4.204529403,4.204529403,25.75757576,3.086419753,7.444533983,0.97799511,0.170794193,0.180188035,,,0.152671756,,1.01488498,0.567375887,10.17964072,0.070583745,12,31.28600723,16.92283807,0.208,13.28856588,0.154004107,60.38000091,35,0.27835769,0.336662552,45.5203581,62.04,,,,,,,,,,,,,,,,,,,,,,,,,,,,,,,,,,,,164,"2,830,144",0.483464333
Luxembourg,67.88830716,,32.88219596,52,45.4726121,,15,,32.65867066,93.18568995,75,68.96551724,83.15789474,96.96969697,68.99938613,28.6036036,31.88405797,85.42857143,,,,,50.74074074,97.64,98.11,98.58,,71.05263158,88.63636364,71.26823793,,,,30.72222222,,21.61637726,18.75406793,37.56613757,51.20432622,22.37864306,22.37864306,14.39393939,0,3.821018162,0.244498778,0.341588386,0.786142959,0.067842605,,0,4.390243902,0.676589987,0.283687943,39.52095808,0.163905806,8,42.34217358,33.18909709,0.162666667,12.10714046,0.359342916,23.46398122,7.5,0.974251914,1.627202334,66.00706438,56.49,,,,,,,,,,,,,,,,,,,,,,,,,,,,,,,,,,,,84,"680,453",0.246181225
Madagascar,13.43804538,98.17979714,44.8532215,72,42.33014532,,40,,4.997501249,18.22827939,27.91666667,43.10344828,26.31578947,,27.85451197,61.71171171,82.60869565,91.42857143,,,,,,14.62,20.75,18.4,,,30.68181818,35.69023569,,,37.5,44.44444444,,,,84.65608466,7.588424437,,,82.57575758,,,,1.024765158,0.011625035,,,,,0.067658999,0,44.91017964,0.003125568,0,40.16528926,10.51220166,0.002666667,20.99722018,,,7.5,0.006326311,0.033666255,4.486642279,64.14,,,,,,,,,,,,,,,,,,,,,,,,,,,,,,,,,,,,1,"32,740,678",0
Malawi,,,,,,,90,0.064208893,6.246876562,21.80579216,21.25,37.93103448,30.52631579,,24.90791897,70.4954955,55.07246377,86,,,,,,20.75,22.17,44.34,58.82352941,,28.40909091,41.52637486,,,50.74257426,16.66666667,,,,57.14285714,,,,,,,,0.25619129,0.001453129,,,,,0.067658999,0,,0.005027542,0,21.47727273,4.065265487,0.005333333,5.627972403,,,42.5,0.006326311,0.011222085,1.442477894,50,,,,,,,,,,,,,,,,,,,,,,,,,,,,,,,,,,,,2,"22,216,120",0.002966039
Malaysia,52.87958115,,,,,,75,,32.65867066,72.7427598,70.83333333,39.65517241,70.52631579,33.33333333,65.16267649,,43.47826087,89.14285714,,,,,,79.25,72.64,68.4,60,,77.27272727,64.42199776,48.34111575,48.34111575,59.40594059,33.33333333,29.87012987,,,5.82010582,38.705057,9.270681294,9.270681294,24.24242424,24.07407407,2.217243259,0,0,0.903846433,0.13568521,,0,3.902439024,1.826792963,1.560283688,14.37125749,0.185147435,10,8.871279477,30.46461032,3.757333333,21.68983187,9.034907598,,50,1.499335737,1.099764336,11.84353955,39.49,,,,,,,,,,,,,,,,,,,,,,,,,,,,,,,,,,,,242,"35,977,838",0.714815364
Maldives,,,,,,,35,,,65.07666099,,,,,,,49.27536232,88.28571429,,,,,,46.7,26.89,53.3,,,56.81818182,47.25028058,,,,58.33333333,,,,77.24867725,4.47529962,,,,,,2.444987775,,0.002906259,,,,,0.067658999,0.141843972,,,0,10.29879212,7.580914659,,2.235749213,,,,0.012652622,0,17.46284299,,,,,,,,,,,,,,,,,,,,,,,,,,,,,,,,,,,,,,"529,676",
Mali,2.792321117,,,,,,30,0.032104446,4.997501249,5.110732538,,34.48275862,26.31578947,,30.87783917,,62.31884058,91.71428571,,,,,,11.32,28.3,17.92,,,28.40909091,42.87317621,,,28.58910891,16.66666667,,,0.002389184,77.77777778,5.26161941,,,98.48484848,,,,0,0,,,,,0.067658999,0,59.88023952,0.000630154,0,24,1.927236971,,1.381539286,,,80,0.006326311,0,,100,,,,,,,,,,,,,,,,,,,,,,,,,,,,,,,,,,,,1,"25,198,821",0
Malta,60.38394415,,,,,,35,,10.61969015,91.14139693,,53.44827586,92.63157895,,49.35543278,13.96396396,59.42028986,91.42857143,,,,,,76.89,73.11,76.42,,50,90.90909091,57.23905724,,,,2.77777778,,,11.98531239,46.03174603,46.78456592,13.00908706,13.00908706,21.21212121,0,1.131912,,3.15969257,0.132234768,,,,,0,0.425531915,17.96407186,0.035798123,23,19.07532468,21.97050148,0.096,6.287427155,0.154004107,,42.5,0.227747201,0.280552127,39.8296508,46.86,,,,,,,,,,,,,,,,,,,,,,,,,,,,,,,,,,,,43,"545,405",0.124573632
Mauritania,5.235602094,,,,,,40,,,27.2572402,,34.48275862,27.36842105,,23.66482505,,7.246376812,70.57142857,,,,,,25.47,14.62,25.47,,,26.13636364,44.66891134,,,35.64356436,30.55555556,,,,79.89417989,4.744226834,,,94.6969697,0,,,,0.001453129,,,,,0,0,,0.000804005,0,32.72727273,7.227138644,,1.537443901,,,42.5,0.012652622,0,5.777211969,,,,,,,,,,,,,,,,,,,,,,,,,,,,,,,,,,,,,,"5,315,065",
Mauritius,35.60209424,,,,,,65,,8.32083958,70.86882453,,44.82758621,83.15789474,,44.5058318,,26.08695652,84.28571429,,,,,,75.94,84.43,77.83,,,71.59090909,56.79012346,,,77.5990099,58.33333333,,,0.005884778,6.349206349,14.24437299,12.11921465,12.11921465,40.90909091,,0.960494874,,1.537147737,0.399610561,,,,,0.067658999,0.141843972,44.31137725,0.023000857,0,14.43850268,10.50310806,0.037333333,4.721515172,0,,42.5,0.430189157,0.695769274,3.564792499,38.12,,,,,,,,,,,,,,,,,,,,,,,,,,,,,,,,,,,,12,"1,268,280",0.032626427
Mexico,35.2530541,57.63512575,35.13152878,61,60.63843001,12.18487395,90,,25.23738131,68.31345826,25.83333333,32.75862069,80,75.75757576,43.33947207,48.64864865,44.92753623,92.28571429,0,0,0,7.216494845,37.40740741,42.45,46.7,20.75,61.17647059,53.94736842,75,77.21661055,53.9444581,56.37748833,53.21782178,16.66666667,46.567718,62.10785208,5.081945333,31.21693122,23.60128617,9.637930223,9.637930223,41.66666667,38.27160494,2.584299496,4.88997555,1.537147737,0.610314312,,,1.06870229,6.829268293,1.826792963,1.276595745,19.16167665,0.526667941,14,16.93441209,16.20962489,0.949333333,23.95220711,0.410677618,51.86916705,67.5,0.84139938,1.402760633,17.16252678,46.29,,,,,,,,,,,,,,,,,,,,,,,,,,,,,,,,,,,,290,"131,946,900",0.857185229
Micronesia,,,,,,,50,,,43.27086882,,,,,,,,,,,,,,64.15,31.13,72.17,,,29.54545455,28.39506173,,,,16.66666667,,,,83.06878307,,,,,,,,,,,,,,0,0,,0,,,,,,,,,0,0,,,,,,,,,,,,,,,,,,,,,,,,,,,,,,,,,,,,,,1,"113,683",0
Moldova,32.28621291,,,,,,70,8.930386859,4.997501249,65.24701874,57.91666667,24.13793103,76.84210526,,24.44751381,,,95.71428571,,,,,,40.57,54.72,41.98,,48.68421053,72.72727273,84.06285073,,,61.01485149,66.66666667,,,4.166115434,24.86772487,42.28880444,2.24586845,2.24586845,50.75757576,0.617283951,0.182130696,0,0,0.008718776,,,,,0.067658999,0.141843972,11.9760479,0.002956729,0,31.07913669,10.60673585,0.032,8.73802666,,,20,0.018978933,0.011222085,16.79210677,21.6,,,,,,,,,,,,,,,,,,,,,,,,,,,,,,,,,,,,5,"2,996,106",0.011864155
Mongolia,32.28621291,,,,,,80,6.362031141,8.32083958,61.49914821,28.33333333,48.27586207,,,28.8213628,13.96396396,23.1884058,84.57142857,,,,,,34.91,42.45,45.75,,,71.59090909,90.12345679,,,63.24257426,30.55555556,,,0.0010616,42.32804233,21.25694241,4.529403456,4.529403456,50,0.617283951,0.246412118,0,5.465414176,0.02179694,,,,,0,0.141843972,100,0.005936757,0,41.95041322,10.24939662,0.018666667,6.540458169,,,90,0.0569368,0.033666255,8.495058733,,,,,,,,,,,,,,,,,,,,,,,,,,,,,,,,,,,,,4,"3,517,100",0.008898117
Montenegro,32.63525305,,,,,,85,,6.246876562,79.04599659,,60.34482759,88.42105263,,37.01657459,,21.73913043,58.57142857,,,,,,51.42,69.34,48.58,,,72.72727273,55.78002245,,,70.2970297,58.33333333,,,,25.92592593,27.34580532,11.06925938,11.06925938,48.48484848,0,,,0,0.001453129,,,,,0,0,16.16766467,0.008204688,0,24.70381232,8.392806166,0.016,8.951202358,,,27.5,0,0.011222085,22.75752891,,,,,,,,,,,,,,,,,,,,,,,,,,,,,,,,,,,,,8,"632,729",0.020762272
Morocco,32.46073298,82.35375851,60.84635913,26,72.07800273,,45,,13.49325337,54.17376491,34.58333333,,62.10526316,34.34343434,31.49171271,,18.84057971,74.57142857,,,,,34.07407407,47.17,49.06,44.81,52.94117647,,56.81818182,75.64534231,59.79356107,59.79356107,38.36633663,8.33333333,,,,27.51322751,9.687225957,14.76999859,14.76999859,49.24242424,5.555555556,0.110862163,0.244498778,0.085397097,0.078468983,,,,0.487804878,0.270635995,0.141843972,19.16167665,0.032082931,23,16.98017856,9.909973926,0.338666667,21.70691272,,,30,0.132852534,0.134665021,14.21396755,45.76,,,,,,,,,,,,,,,,,,,,,,,,,,,,,,,,,,,,36,"38,430,770",0.10381136
Mozambique,5.061082024,,,,,,25,,7.496251874,13.79897785,30.41666667,,,,12.24677716,,68.11594203,90.28571429,,,,,,25,22.64,16.51,,,25,39.84287318,,,34.52970297,11.11111111,,,,72.48677249,4.223911137,47.47398653,47.47398653,96.21212121,,,,0,0.005812517,,,,,0,0,42.51497006,0.000541045,0,56.31016045,10.20301926,0.016,4.353607073,,,30,0.006326311,0,9.541315231,,,,,,,,,,,,,,,,,,,,,,,,,,,,,,,,,,,,,2,"35,631,653",0.002966039
Myanmar,6.282722513,,,,,,10,,2.498750625,38.84156729,22.08333333,67.24137931,62.10526316,16.16161616,,,49.27536232,91.71428571,,,,,,5.66,9.91,5.66,0,,46.59090909,53.64758698,,,4.826732673,38.88888889,,,0.001871072,86.77248677,6.848874598,,,93.93939394,0,,,0.768573869,0.062484561,,,,,0.135317997,0.141843972,27.54491018,0.036066274,0,25.55972953,8.951864546,0.069333333,15.01741577,,,35,0.069589422,0.112220851,2.125414772,0,,,,,,,,,,,,,,,,,,,,,,,,,,,,,,,,,,,,19,"54,850,648",0.053388699
Namibia,17.10296684,,,,,,60,,4.997501249,39.18228279,,24.13793103,49.47368421,,36.63290362,95.72072072,20.28985507,44.85714286,,,,,,55.19,52.36,62.74,,,50,40.74074074,,,59.65346535,11.11111111,,,,54.4973545,3.031277404,19.93031687,19.93031687,76.51515152,,0.179801659,,1.110162254,0.011625035,,,,,0,0,25.74850299,0.00283501,33,17.66965429,12.89348678,0.032,1.858128475,,,27.5,0.031631556,0.011222085,19.13103308,,,,,,,,,,,,,,,,,,,,,,,,,,,,,,,,,,,,,3,"3,092,816",0.005932078
Nepal,13.78708551,,,,,,75,0,6.246876562,37.64906303,50,8.620689655,60,20.2020202,20.08901166,40.76576577,21.73913043,70,,,,,,16.04,27.83,37.74,,,47.72727273,48.37261504,,,50.24752475,30.55555556,,,,49.20634921,20.87985969,1.454870757,1.454870757,81.81818182,0.617283951,,,0,0.052312655,,,,,0.135317997,0,44.91017964,0.004256348,11,5.493093477,1.915319428,0.082666667,26.65332574,,,52.5,0.107547289,0.056110425,4.707554208,91.67,,,,,,,,,,,,,,,,,,,,,,,,,,,,,,,,,,,,8,"29,618,118",0.020762272
Netherlands,84.81675393,,46.22569577,50,67.90460812,,45,56.07041575,70.03998001,96.42248722,100,91.37931034,92.63157895,92.92929293,79.0208717,18.46846847,100,90.28571429,46.66666667,50,39.3442623,44.32989691,73.7037037,95.28,96.7,93.4,87.05882353,61.84210526,96.59090909,87.99102132,94.78987466,94.78987466,,28.33333333,,33.35636598,41.55011684,21.69312169,58.32212803,18.6873205,18.6873205,5.303030303,9.259259259,,4.156479218,0.085397097,2.596742084,0.881953867,0.956937799,1.221374046,16.09756098,4.803788904,4.680851064,28.14371257,1.615477718,11,31.55837175,37.27741105,5.936,74.49125862,1.540041068,11.08752809,27.5,4.523312457,4.881607003,75.11215606,50.41,,,,,,,,,,,,,,,,,,,,,,,,,,,,,,,,,,,,1357,"18,346,819",4.021948688
New Zealand,62.30366492,,,,,18.69747899,100,30.22633635,42.60369815,95.22998296,,82.75862069,96.84210526,44.44444444,57.61203192,,79.71014493,89.71428571,,,,,,89.15,99.06,96.7,,88.15789474,96.59090909,73.62514029,72.9294667,67.90366183,,22.22222222,,60.07398098,26.17932522,0,50.36831336,20.42469043,20.42469043,18.18181818,,3.822415584,1.711491443,0.426985483,2.721711205,0.746268657,0,,,0.811907984,1.134751773,28.14371257,0.186792731,11,7.442401785,17.84110449,1.424,25.32872262,1.026694045,38.32185546,45,1.644840893,0.965099316,55.61550324,50.27,,,,,,,,,,,,,,,,,,,,,,,,,,,,,,,,,,,,202,"5,251,899",0.59617381
Nicaragua,6.631762653,,,,,,50,,7.496251874,49.23339012,45.41666667,12.06896552,45.26315789,,13.35174954,,52.17391304,86.85714286,,,,,,13.68,18.4,8.96,37.64705882,,46.59090909,43.20987654,,,30.07425743,16.66666667,,,,74.6031746,23.35574393,15.21728895,15.21728895,93.18181818,0.617283951,,,6.319385141,,,,,,0,0,0,0.001743685,,,,,17.50586108,0,,50,0.012652622,0.033666255,8.182141836,,,,,,,,,,,,,,,,,,,,,,,,,,,,,,,,,,,,,4,"7,007,502",0.008898117
Niger,,,,,,,70,,4.997501249,2.385008518,,31.03448276,15.78947368,,,,66.66666667,99.14285714,,,,,,28.77,23.11,34.43,,,17.04545455,38.60830527,,,44.05940594,16.66666667,,,,69.31216931,,,,99.24242424,,,,6.319385141,0,,,,,0,0,0,0,,26.6798419,4.71335129,,,,,42.5,0.006326311,0,1.254667752,,,,,,,,,,,,,,,,,,,,,,,,,,,,,,,,,,,,,,"27,917,831",
Nigeria,12.04188482,,,,,,85,,22.76361819,28.62010221,67.08333333,22.4137931,,0,7.397176182,,73.91304348,91.42857143,,,,,,14.15,12.26,19.81,58.82352941,,40.90909091,48.48484848,23.45785205,27.32858196,30.07425743,16.66666667,,,,68.78306878,6.679333528,12.55708838,12.55708838,84.84848485,,0.771377066,,0,0.476626415,0,,0,0.487804878,1.556156969,1.134751773,13.17365269,0.273063938,13,9.442436294,6.293214168,1.018666667,25.18755442,0.102669405,,30,0.721199469,0.897766805,2.501635088,45.7,,,,,,,,,,,,,,,,,,,,,,,,,,,,,,,,,,,,285,"237,527,782",0.842355035
North Korea,,,,,,,,,,,,,,,,,92.75362319,92.28571429,,,,,,7.08,0,4.72,,,22.72727273,,,,7.425742574,,,,,,,,,,,,,,,,,,,0,0,,,,0,0,,,,,,0,0,,,,,,,,,,,,,,,,,,,,,,,,,,,,,,,,,,,,,,,"26,571,036",
North Macedonia,34.38045375,61.49784632,33.01563096,6,46.93826854,,80,,10.61969015,65.58773424,,13.79310345,77.89473684,,16.0834868,,,62.57142857,,,,,,49.53,66.98,50,,42.10526316,69.31818182,69.13580247,,,74.5049505,72.22222222,,,6.787271357,8.465608466,13.08681672,5.376900984,5.376900984,43.18181818,1.851851852,0.246877926,,,,,,,,0.067658999,0,0,5.81426E-06,,,,0.013333333,,,,37.5,0,0,14.24776938,16.17,,,,,,,,,,,,,,,,,,,,,,,,,,,,,,,,,,,,2,"1,813,791",0.002966039
Norway,67.88830716,46.75559261,40.94548227,26,68.68711961,,55,,50.09995002,99.82964225,89.16666667,100,95.78947368,78.78787879,67.80233272,5.630630631,75.36231884,90,84.44444444,72.22222222,60.6557377,51.54639175,51.66666667,98.11,91.98,98.11,,77.63157895,90.90909091,94.16386083,,,,38.88888889,,31.02868969,34.87566227,4.232804233,43.87605963,24.38438721,24.38438721,15.15151515,3.086419753,5.29809345,3.178484108,2.391118702,0.905299563,0.678426052,0.23923445,0.458015267,5.853658537,1.01488498,1.418439716,32.93413174,0.442798165,12,43.41875663,51.80038703,0.925333333,44.81713444,4.004106776,6.033682675,40,1.587904093,1.615980249,64.82150036,48.65,,,,,,,,,,,,,,,,,,,,,,,,,,,,,,,,,,,,435,"5,623,071",1.287260863
Oman,29.4938918,75.51757677,50.49561571,33,69.60626009,,35,,13.49325337,74.78705281,12.91666667,,95.78947368,43.43434343,52.19459791,,33.33333333,91.14285714,,,,,52.40740741,54.25,65.57,66.51,,,78.40909091,81.48148148,,,34.77722772,58.33333333,0,,5.214217877,35.44973545,23.80298158,32.03069824,32.03069824,55.3030303,3.703703704,,,0.512382579,0.08573463,,,,0,0.473612991,0.283687943,10.17964072,0.009436435,0,9.208142385,6.608637914,0.165333333,4.222653895,,,55,0.189789334,0.123442936,25.97080242,52.93,,,,,,,,,,,,,,,,,,,,,,,,,,,,,,,,,,,,19,"5,494,691",0.053388699
Pakistan,20.59336824,78.36598583,19.786504,0,61.60725376,,45,,22.76361819,27.2572402,40.41666667,22.4137931,33.68421053,8.080808081,35.31307551,65.09009009,42.02898551,84.85714286,,,,,,29.25,20.28,25,21.17647059,,37.5,46.8013468,16.76087491,16.3676579,27.35148515,19.44444444,,,2.958386484,56.61375661,3.691902952,4.303404115,4.303404115,68.18181818,43.20987654,0.307432889,0.733496333,0,0.268828923,,,,0,0.338294993,0.567375887,11.37724551,0.096410582,7,4.370281236,2.971448593,0.272,28.05830933,,,37.5,0.50610489,0.381550892,5.659605619,30.49,,,,,,,,,,,,,,,,,,,,,,,,,,,,,,,,,,,,123,"255,219,554",0.36185674
Panama,25.30541012,62.05363346,44.14792223,54,49.38516954,,80,,,74.95741056,38.33333333,24.13793103,62.10526316,,30.67833026,33.78378378,42.02898551,81.71428571,,,,,24.81481481,47.64,55.19,40.09,,,69.31818182,48.82154882,,,64.85148515,30.55555556,,,0.002443713,44.97354497,48.29289681,20.0574415,20.0574415,61.36363636,3.703703704,0.232437896,0.488997555,2.134927412,0.079922112,,,,,0.135317997,0,13.77245509,0.012920443,0,3.475935829,3.070353018,0.074666667,5.08707884,0.102669405,,77.5,0.177136712,0.112220851,29.9962198,94.84,,,,,,,,,,,,,,,,,,,,,,,,,,,,,,,,,,,,41,"4,571,189",0.118641554
Papua New Guinea,,,,,,,70,,2.498750625,32.02725724,,,28.42105263,,,,,92.57142857,,,,,,21.7,26.42,27.36,,,26.13636364,26.03815937,,,40.96534653,16.66666667,,,,62.96296296,,100,100,,,,,,,0,,,,0,0,0,0.002451246,,22.70099843,45.11739732,0.002666667,,0.051334702,,,0,0,9.535114896,0,,,,,,,,,,,,,,,,,,,,,,,,,,,,,,,,,,,,,"10,762,817",
Paraguay,20.41884817,,,,,,40,,2.498750625,59.7955707,54.58333333,,64.21052632,,15.34683855,36.48648649,62.31884058,83.71428571,,,,,,29.72,45.28,30.19,,,61.36363636,57.23905724,,,59.40594059,72.22222222,,,0.001851636,65.60846561,27.05641625,4.505861858,4.505861858,69.6969697,3.703703704,0.030277481,,2.134927412,0.007265647,,,,,0.135317997,0.283687943,0,0,,32.12493028,7.980889301,0.013333333,10.29740773,,,47.5,0.018978933,0.011222085,11.19710464,,,,,,,,,,,,,,,,,,,,,,,,,,,,,,,,,,,,,2,"7,013,078",0.002966039
Peru,28.79581152,58.27428095,65.55470835,58,53.76971805,,75,,25.46226887,65.07666099,51.25,25.86206897,88.42105263,62.62626263,32.8422345,44.36936937,60.86956522,86.28571429,,,,,,35.38,59.91,32.55,,,75,66.77890011,48.58687638,43.89284837,61.26237624,18.05555556,12.80148423,,2.503440557,39.68253968,57.74919614,9.78859645,9.78859645,56.06060606,14.19753086,0.349355556,0,0,0.090094017,,,,0,0.338294993,0.141843972,17.36526946,0.020018815,13,21.77419355,17.92213817,0.12,15.98248376,0,,45,0.196115645,0.224441701,16.46528913,83.34,,,,,,,,,,,,,,,,,,,,,,,,,,,,,,,,,,,,37,"34,576,665",0.106777399
Philippines,36.47469459,,,,,,40,,27.71114443,56.21805792,72.5,20.68965517,64.21052632,1.01010101,56.39963168,34.00900901,26.08695652,94,,,,,,56.13,53.77,33.49,60,,63.63636364,75.53310887,24.79724748,33.76751044,51.23762376,30.55555556,20.77922078,,,49.73544974,26.65010231,11.32821696,11.32821696,39.39393939,14.81481481,0.886897303,0,0.683176772,0.321141578,,,0,1.463414634,0.405953992,0.992907801,20.95808383,0.168084793,15,11.47161066,14.82275249,0.549333333,55.91667225,0.359342916,,82.5,0.645283735,0.549882168,7.932128335,45.37,,,,,,,,,,,,,,,,,,,,,,,,,,,,,,,,,,,,114,"116,786,962",0.335162391
Poland,46.77137871,26.7472558,23.42737324,55,75.69246056,5.462184874,75,,30.18490755,85.34923339,80,50,93.68421053,76.76767677,25.475752,36.71171171,26.08695652,92.57142857,13.33333333,11.11111111,14.75409836,20.6185567,45.92592593,61.79,74.53,64.15,,39.47368421,85.22727273,96.18406285,69.6485623,69.59941017,78.34158416,47.22222222,40.63079777,34.93617434,25.83919726,20.63492063,52.55480854,4.816610952,4.816610952,29.54545455,19.13580247,3.317480355,8.80195599,0.426985483,0.712033364,0.13568521,0,,4.390243902,2.029769959,0.85106383,15.56886228,0.179552385,5,30.17275144,29.4146994,1.928,57.41476321,1.232032854,19.49685552,7.5,1.676472449,1.81797778,42.84361356,47.74,,,,,,,,,,,,,,,,,,,,,,,,,,,,,,,,,,,,444,"38,140,910",1.313955213
Portugal,58.46422339,68.07002918,22.77926039,32,50.70177618,18.48739496,45,,40.12993503,84.15672913,87.08333333,22.4137931,94.73684211,50.50505051,45.45733579,37.83783784,30.43478261,81.71428571,44.44444444,41.66666667,34.42622951,27.83505155,,80.19,75,83.96,,93.42105263,84.09090909,85.9708193,,,,12.5,,19.84689139,30.24594165,20.10582011,59.84215142,16.39436885,16.39436885,22.72727273,6.790123457,4.228133836,0.97799511,0.597779676,0.441751311,0,0,,2.43902439,2.706359946,2.269503546,17.36526946,0.156924683,6,43.53833313,22.19390886,1.725333333,41.21943868,0.308008214,48.08882831,35,0.525083824,0.965099316,22.75752891,70.93,,,,,,,,,,,,,,,,,,,,,,,,,,,,,,,,,,,,268,"10,411,834",0.791932374
Qatar,39.61605585,81.21439489,41.68890583,65,69.53173519,,45,,15.39230385,84.32708688,37.5,,93.68421053,24.24242424,64.31860037,,66.66666667,100,,,,,60.37037037,82.55,77.36,79.25,,,70.45454545,46.91358025,,,54.08415842,72.22222222,,,12.25075729,40.21164021,55.42239111,38.12797213,38.12797213,36.36363636,0.617283951,0.246412118,0.244498778,1.024765158,0.095906535,,,,2.43902439,0.067658999,0.85106383,25.1497006,0.003044602,0,6.724782069,4.301461828,0.261333333,4.952609016,,,,0.284684001,0.06733251,31.12998102,55.92,,,,,,,,,,,,,,,,,,,,,,,,,,,,,,,,,,,,13,"3,115,889",0.035592466
Republic of the Congo,,,,,,,40,,,,,31.03448276,32.63157895,,,,43.47826087,43.42857143,,,,,,8.96,9.43,15.09,,,31.81818182,,,,23.26732673,,,,7.19851E-06,94.70899471,,,,,,,,,,,,,,0.202976996,0.141843972,,,,,,,,,,57.5,0,0,14.27537087,,,,,,,,,,,,,,,,,,,,,,,,,,,,,,,,,,,,,,"112,832,473",
Romania,40.4886562,74.67000139,12.33320625,41,53.37225189,,80,,22.76361819,76.14991482,82.08333333,15.51724138,82.10526316,46.46464646,25.41436464,43.24324324,14.49275362,84.28571429,,,,,40.55555556,53.3,63.68,62.26,,51.31578947,76.13636364,78.78787879,,,76.36138614,55.55555556,15.76994434,,8.511853383,28.57142857,68.51213096,1.633786901,1.633786901,35.60606061,9.87654321,2.190692236,2.93398533,1.793339026,0.23395382,,,,,0.879566982,1.134751773,12.5748503,0.092181927,7,25.99518608,17.20229228,0.44,31.73437605,0.256673511,,75,0.347947112,0.325440467,23.89269021,52.44,,,,,,,,,,,,,,,,,,,,,,,,,,,,,,,,,,,,175,"18,908,650",0.516090761
Russia,34.03141361,66.83340281,31.07129241,35,25.83529996,,80,,35.33233383,75.12776831,55,43.10344828,90.52631579,,38.72007366,32.43243243,21.73913043,91.42857143,4.444444444,25,14.75409836,0,,25.94,13.21,12.26,12.94117647,27.63157895,82.95454545,67.56453423,14.08208405,13.39395429,33.91089109,44.44444444,,,17.31112655,14.81481481,25.48085355,0.338999011,0.338999011,43.93939394,,3.004457777,36.67481663,,0.608861183,0,0,,4.390243902,1.962110961,1.985815603,20.35928144,0.23348485,10,8.87648679,11.01815238,1.789333333,35.03968786,0.308008214,,52.5,1.11975707,1.481315228,37.11310411,37.12,,,,,,,,,,,,,,,,,,,,,,,,,,,,,,,,,,,,183,"143,997,393",0.539819072
Rwanda,16.57940663,,,,,,95,0.492268179,9.145427286,28.62010221,3.75,22.4137931,32.63157895,48.48484848,37.95273174,,44.92753623,64.85714286,,,,,,61.32,58.02,56.13,31.76470588,,52.27272727,65.20763187,,,38.49009901,22.22222222,,,,19.57671958,11.12832505,,,78.03030303,,0.017234874,,1.793339026,0.046500138,,,,,0.135317997,0.425531915,24.5508982,0.008091051,0,28.9494696,25.57155705,0.506666667,32.94209257,,,82.5,0.063263111,0.157109191,6.05852716,82.24,,,,,,,,,,,,,,,,,,,,,,,,,,,,,,,,,,,,12,"14,569,341",0.032626427
Samoa,,,,,,,45,,,54.85519591,,,85.26315789,,,,,86,,,,,,62.26,41.98,80.66,,,37.5,45.11784512,,,,25,,,,51.32275132,,,,,,,,,,,,,,0,0,,0.00301753,,,,,,,,,0,0.011222085,9.995139738,,,,,,,,,,,,,,,,,,,,,,,,,,,,,,,,,,,,,1,"219,306",0
Saudi Arabia,41.36125654,100,7.11017918,55,100,24.57983193,60,,22.76361819,84.32708688,8.75,31.03448276,95.78947368,59.5959596,53.06936771,,20.28985507,88.85714286,42.22222222,47.22222222,36.06557377,30.92783505,85,70.75,65.09,58.02,18.82352941,0,86.36363636,63.74859708,42.17252396,42.17252396,39.10891089,44.44444444,57.51391466,,8.016596184,32.8042328,34.67991815,30.9148265,30.9148265,34.84848485,20.37037037,0.767650607,0.244498778,6.57557643,0.562361045,0.203527816,0.119617225,0,9.268292683,1.01488498,1.560283688,16.76646707,0.24175627,15,11.609169,20.11474464,0.970666667,7.309431308,7.546201232,,52.5,1.157714936,0.90898889,30.2111314,58.67,,,,,,,,,,,,,,,,,,,,,,,,,,,,,,,,,,,,260,"34,566,328",0.768204064
Senegal,20.59336824,,,,,,65,,8.32083958,23.33901193,13.75,46.55172414,34.73684211,,53.29957029,,21.73913043,92.28571429,,,,,,52.83,41.04,42.92,,,40.90909091,51.73961841,,,55.56930693,16.66666667,,,,64.55026455,6.074247296,,,68.93939394,,0.180733274,0,0.341588386,0.02034381,,,0,,0.067658999,0,13.17365269,0.008252344,0,33.68983957,29.75880618,0.045333333,8.221079778,,,95,0.025305245,0.06733251,8.682368848,47.47,,,,,,,,,,,,,,,,,,,,,,,,,,,,,,,,,,,,19,"18,931,966",0.053388699
Serbia,38.56893543,71.12685841,44.2241708,13,31.12656813,,65,,10.61969015,72.40204429,71.66666667,43.10344828,91.57894737,67.67676768,35.35911602,,27.53623188,76.57142857,,,,,,57.08,56.13,49.06,71.76470588,52.63157895,82.95454545,76.54320988,,,60.76732673,58.33333333,,,17.88916746,22.75132275,25.62408652,10.73496869,10.73496869,38.63636364,2.469135802,1.339196296,0.488997555,0,0.039234491,,,,,0.270635995,0,14.37125749,0.013476212,0,27.22416225,13.01657125,0.248,23.25239467,0,,30,0.094894667,0.078554595,22.75752891,43.99,,,,,,,,,,,,,,,,,,,,,,,,,,,,,,,,,,,,23,"6,689,039",0.065252855
Seychelles,,,,,,,35,,,71.89097104,,,78.94736842,,45.25782689,,,,,,,,,73.11,62.26,65.57,,,67.04545455,41.18967452,,,,30.55555556,,,,52.38095238,,,,,,,,0.25619129,0.04214075,,,0.152671756,,0.067658999,0.425531915,23.35329341,0.03811424,0,17.60793009,3.110676604,,,,,,0.126526223,0.033666255,14.11726233,50.82,,,,,,,,,,,,,,,,,,,,,,,,,,,,,,,,,,,,35,"132,779",0.100845321
Sierra Leone,,,,,,,25,0.090962598,4.997501249,13.2879046,,13.79310345,38.94736842,,,,,91.14285714,,,,,,11.79,15.09,23.11,,,19.31818182,50.28058361,,,44.67821782,30.55555556,,,,85.71428571,,,,,,,,,0.002906259,,,,,0,0,59.88023952,0.001753735,0,31.00478469,2.282254308,,1.132694755,,,25,0,0.011222085,3.752302624,61.91,,,,,,,,,,,,,,,,,,,,,,,,,,,,,,,,,,,,,"8,819,794",
Singapore,89.0052356,,,,,39.28571429,75,47.40221521,40.12993503,96.93356048,88.75,79.31034483,100,84.84848485,73.20441989,,34.7826087,90.57142857,,,,,,100,100,99.06,51.76470588,,93.18181818,100,85.21749816,87.02383878,71.53465347,52.77777778,,,,0.529100529,100,13.82362635,13.82362635,2.272727273,1.851851852,17.42864995,2.689486553,2.476515798,9.869654301,0.881953867,0.837320574,2.290076336,6.829268293,5.751014885,7.943262411,24.5508982,2.183560805,16,19.08472819,19.19053426,3.464,35.7070132,4.671457906,,22.5,6.762826596,9.258220177,53.19387247,48.47,,,,,,,,,,,,,,,,,,,,,,,,,,,,,,,,,,,,1568,"5,870,750",4.647782886
Slovakia,42.05933682,27.63651521,31.28097598,41,25.04036766,,70,,22.76361819,80.91993186,78.33333333,60.34482759,84.21052632,93.93939394,27.97728668,25.45045045,18.84057971,83.71428571,,,,,41.48148148,63.68,76.89,70.28,,38.15789474,80.68181818,83.05274972,,,88.86138614,41.66666667,,21.04425536,16.47286127,23.28042328,26.02747735,6.295023306,6.295023306,34.09090909,5.555555556,0.8677992,0.97799511,0,0.107531569,0.067842605,0.119617225,,,0.270635995,0.283687943,17.96407186,0.035544884,7,57.10071466,13.47656566,0.208,17.77798245,0,36.25128102,22.5,0.22142089,0.201997531,28.07261592,66.09,,,,,,,,,,,,,,,,,,,,,,,,,,,,,,,,,,,,100,"5,474,881",0.293637847
Slovenia,52.35602094,59.89995832,38.71521159,25,46.61532729,,45,9.465460966,20.28985507,93.0153322,,53.44827586,95.78947368,,42.8330264,20.04504505,31.88405797,89.71428571,,,,,50.55555556,80.66,73.58,82.55,,50,89.77272727,91.58249158,,,94.55445545,38.88888889,,17.84270197,38.34714277,19.04761905,27.4627302,14.49691605,14.49691605,25,1.851851852,1.532972177,1.466992665,0,0.052312655,,,,0,0.338294993,0.141843972,19.76047904,0.015875379,0,43.49214322,10.60969051,0.226666667,19.11732199,0,54.57595492,30,0.126526223,0.078554595,33.19429249,42.13,,,,,,,,,,,,,,,,,,,,,,,,,,,,,,,,,,,,76,"2,117,072",0.222452914
Solomon Islands,,,,,,,50,,,31.00511073,,,27.36842105,,,,82.60869565,96,,,,,,26.89,21.7,43.87,,,29.54545455,30.07856341,,,,16.66666667,,,,71.42857143,,,,,,,,,,,,,,0,0,,,,,,,,,,,0,0,12.5352769,,,,,,,,,,,,,,,,,,,,,,,,,,,,,,,,,,,,,,"838,645",
Somalia,,,,,,,0,,2.498750625,0,1.25,3.448275862,,7.070707071,,,2.898550725,46.28571429,,,,,,1.42,3.3,0,,,4.545454545,37.03703704,,,3.465346535,,,,,100,4.264834844,,,,,,,0,0.011625035,,,,,0,0,5.988023952,0.003559228,0,10.7010156,1.181548552,,,,,,0,0.011222085,7.012078652,14.15,,,,,,,,,,,,,,,,,,,,,,,,,,,,,,,,,,,,6,"19,654,739",0.014830194
South Africa,31.58813264,76.01778519,9.58825772,46,63.84300087,,60,0.262186313,35.33233383,57.41056218,82.5,50,70.52631579,14.14141414,23.54205034,100,24.63768116,8.57142857,24.44444444,33.33333333,24.59016393,14.43298969,40.92592593,48.11,44.34,54.25,76.47058824,50,73.86363636,57.57575758,28.48365692,28.48365692,60.64356436,25,28.75695733,,,43.91534392,13.23004969,15.99887,15.99887,51.51515152,,1.382050577,2.200488998,0.512382579,1.114550184,0.203527816,0.119617225,0,3.414634146,1.082543978,0.567375887,23.95209581,0.280834156,11,10.21081718,16.37697567,1.936,23.01259294,0.821355236,,45,1.96115645,1.627202334,35.78353231,41.98,,,,,,,,,,,,,,,,,,,,,,,,,,,,,,,,,,,,255,"64,747,319",0.753373869
South Korea,88.48167539,46.40822565,71.99771254,31,31.26319712,15.12605042,65,,37.63118441,93.52640545,53.33333333,34.48275862,,74.74747475,58.79373849,23.1981982,18.84057971,92.57142857,64.44444444,66.66666667,73.7704918,45.36082474,60.37037037,90.09,83.96,84.91,67.05882353,60.52631579,97.72727273,78.67564534,84.12386336,87.04841484,88.11881188,26.66666667,,53.35459013,88.72300384,2.116402116,57.32534347,6.558689204,6.558689204,3.787878788,61.72839506,6.097418961,7.82396088,0,1.855646134,1.696065129,0.837320574,1.984732824,50.73170732,10.0135318,3.546099291,38.92215569,1.48559348,19,29.21738027,52.49069873,1.778666667,46.08362918,21.86858316,84.51779058,22.5,4.434744101,3.624733475,39.99675983,50.1,,,,,,,,,,,,,,,,,,,,,,,,,,,,,,,,,,,,1079,"51,667,029",3.197389886
South Sudan,,,,,,,10,,,0.170357751,,,0,,,,72.46376812,64.57142857,,,,,,0,0.94,1.42,,,0,8.080808081,,,10.27227723,16.66666667,,,,97.35449735,,,,,,,,,0,,,,,0,0,0,0,,4.545454545,4.015077024,,,,,,0,0.011222085,11.99524774,,,,,,,,,,,,,,,,,,,,,,,,,,,,,,,,,,,,,,"12,188,788",
Spain,60.55846422,28.53966931,34.92184522,51,22.29536704,50.21008403,60,,57.57121439,90.45996593,59.16666667,62.06896552,96.84210526,98.98989899,50.41436464,20.27027027,27.53623188,65.42857143,35.55555556,58.33333333,32.78688525,21.64948454,31.48148148,77.83,75.94,77.36,,65.78947368,89.77272727,80.35914703,88.89161956,88.89161956,,30.55555556,,23.70832401,25.72114249,15.87301587,71.53171587,12.35463063,12.35463063,20.45454545,26.54320988,8.172590961,44.00977995,1.195559351,2.359882006,0.339213026,0.358851675,0.610687023,12.19512195,8.525033829,8.65248227,17.96407186,0.977978924,9,45.13548202,29.7419784,7.154666667,66.08295934,3.901437372,24.93222634,10,3.707218321,3.658399731,34.1389435,54.06,,,,,,,,,,,,,,,,,,,,,,,,,,,,,,,,,,,,1497,"47,889,958",4.437194127
Sri Lanka,21.64048866,,,,,,40,,10.61969015,68.14310051,37.5,37.93103448,90.52631579,21.21212121,44.75138122,31.53153153,17.39130435,83.14285714,,,,,,35.85,27.36,52.36,51.76470588,,61.36363636,54.09652076,,,52.1039604,16.66666667,,,,51.85185185,6.354866998,4.133904609,4.133904609,66.66666667,6.790123457,0.247343733,0,1.195559351,0.095906535,,,,,0.202976996,0.283687943,23.95209581,0.010904349,0,4.515670821,3.82484656,0.157333333,34.04062563,0,,25,0.234073512,0.100998766,5.027271473,44.43,,,,,,,,,,,,,,,,,,,,,,,,,,,,,,,,,,,,16,"23,229,470",0.044490583
Sudan,,91.20466861,45.84445292,35,73.81691715,,15,,9.145427286,23.16865417,15,13.79310345,27.36842105,4.04040404,,,18.84057971,78.85714286,,,,,,4.72,4.72,10.38,22.35294118,,23.86363636,,,,5.940594059,2.77777778,,,,89.94708995,,,,,4.938271605,,,,0,,,,,0,0,0,0.000502503,0,11.97339246,12.33901719,0,4.873233304,,,,0.006326311,0,9.575117056,,,,,,,,,,,,,,,,,,,,,,,,,,,,,,,,,,,,,1,"51,662,147",0
Suriname,,,,,,,10,,2.498750625,52.8109029,69.58333333,,55.78947368,,,,30.43478261,78.57142857,,,,,,15.09,21.23,48.11,,,55.68181818,54.20875421,,,,0,,,,85.18518519,4.665302543,,,,0,,,0.170794193,,,,,,0,0,,,,,,,,,,,0,0,13.58533361,,,,,,,,,,,,,,,,,,,,,,,,,,,,,,,,,,,,,,"639,850",
Sweden,94.76439791,52.1467278,40.27830728,35,69.87951807,19.11764706,60,15.67232062,60.16991504,97.44463373,88.33333333,100,98.94736842,87.87878788,59.7145488,0,62.31884058,78.57142857,88.88888889,77.77777778,63.93442623,53.60824742,56.85185185,94.81,96.23,93.87,,100,96.59090909,89.45005612,95.87122143,95.87122143,,42.77777778,,20.169119,61.50023325,4.761904762,51.35340544,13.88954282,13.88954282,0.757575758,6.172839506,12.438921,2.689486553,2.988898377,2.480491739,0.542740841,0.4784689,0.763358779,14.14634146,2.097428958,3.404255319,25.74850299,1.343931625,11,41.71779572,66.18273139,1.573333333,51.66605265,6.930184805,19.57947908,47.5,3.188460809,4.219503984,45.22704226,50.84,,,,,,,,,,,,,,,,,,,,,,,,,,,,,,,,,,,,1066,"10,656,633",3.158831381
Switzerland,100,20.34180909,53.73617995,60,49.422432,31.51260504,65,,65.04247876,100,64.16666667,75.86206897,84.21052632,100,100,21.3963964,75.36231884,88.85714286,42.22222222,44.44444444,34.42622951,42.26804124,73.33333333,99.53,94.34,97.64,,52.63157895,89.77272727,72.05387205,88.32637012,88.32637012,,45.52777778,,55.48516611,60.45195174,18.51851852,70.78631979,23.08018268,23.08018268,0,6.172839506,11.0680498,2.200488998,0.170794193,2.628710929,1.763907734,1.913875598,0.763358779,28.7804878,4.600811908,3.971631206,28.14371257,1.582957865,19,26.97573416,26.39590257,3.32,64.63326412,2.207392197,44.22214109,7.5,4.87758588,4.152171473,78.95886378,53.08,,,,,,,,,,,,,,,,,,,,,,,,,,,,,,,,,,,,1220,"8,967,407",3.615601364
Syria,,,,,,,15,,2.498750625,30.15332198,32.08333333,,46.31578947,,,,15.94202899,62.57142857,,,,,,2.83,3.77,0.94,,,34.09090909,22.22222222,,,0.495049505,30.55555556,,,,92.59259259,0,15.24553887,15.24553887,,,,,,0,,,,,0,0,0,0,,6.694214878,1.971037812,,8.458871994,,,,0,0,10.0351419,,,,,,,,,,,,,,,,,,,,,,,,,,,,,,,,,,,,,,"25,620,427",
Taiwan,,34.04196193,41.23141441,32,42.36740778,8.193277311,50,,32.65867066,,,41.37931034,,60.60606061,56.43032535,,,,,,,,,,,,82.35294118,,,72.61503928,65.42147948,65.42147948,99.87623762,44.44444444,,,,,65.22654195,7.392061773,7.392061773,,29.62962963,5.92693345,3.422982885,0.170794193,0.608861183,0.474898236,0.4784689,,23.41463415,1.150202977,0.425531915,43.11377246,0.23593573,15,15.64075965,99.74774111,0.722666667,56.10137986,3.080082136,,20,1.474030493,1.234429357,32.00632834,56.04,,,,,,,,,,,,,,,,,,,,,,,,,,,,,,,,,,,,132,"23,112,793",0.38855109
Tajikistan,14.65968586,,,,,,90,0.272887795,,50.93696763,5.833333333,6.896551724,82.10526316,,45.61080417,,14.49275362,67.42857143,,,,,,23.58,11.32,10.85,,,46.59090909,45.45454545,,,21.28712871,50,,,,55.55555556,8.927214265,9.152973304,9.152973304,80.3030303,0,,0,1.45175064,0,,,,,0,0,,0.000150751,0,64.38152013,0,,,,,,0.006326311,0,11.4852202,,,,,,,,,,,,,,,,,,,,,,,,,,,,,,,,,,,,,1,"10,786,734",0
Tanzania,8.90052356,,,,,,65,0.04815667,6.246876562,25.89437819,37.91666667,46.55172414,23.15789474,,41.72805402,76.8018018,81.15942029,92.85714286,,,,,,34.43,30.19,38.21,,,37.5,59.3714927,,,45.66831683,16.66666667,,,,74.07407407,4.448991523,,,90.15151515,,,0.244498778,1.45175064,0.04214075,,,,,0.135317997,0.141843972,17.96407186,0.008076079,0,19.28284482,6.860458939,0.416,14.37638154,,,67.5,0.075915734,0.078554595,12.4352715,44.07,,,,,,,,,,,,,,,,,,,,,,,,,,,,,,,,,,,,15,"70,545,865",0.041524544
Thailand,46.59685864,93.41392247,31.52878384,78,82.88411377,,70,,22.76361819,72.06132879,7.916666667,24.13793103,75.78947368,17.17171717,39.8096992,,36.23188406,98.28571429,,,,,41.2962963,58.02,58.49,54.72,35.29411765,,77.27272727,51.9640853,27.47603834,29.71246006,43.44059406,44.44444444,33.02411874,,21.76970197,10.58201058,68.74598071,5.108526767,5.108526767,30.3030303,20.37037037,1.21622314,1.95599022,1.024765158,0.417048113,0.13568521,,0.305343512,7.317073171,0.608930988,0.992907801,27.54491018,0.157274826,13,9.760907077,37.87255794,1.973333333,32.53901802,8.880903491,,70,0.879357247,0.852878465,24.11590226,33.91,,,,,,,,,,,,,,,,,,,,,,,,,,,,,,,,,,,,109,"71,619,863",0.320332196
Timor-Leste,,,,,,,20,,0,31.68654174,,,61.05263158,,,,33.33333333,96,,,,,,22.64,33.96,20.28,,,39.77272727,38.49607183,,,59.15841584,72.22222222,,,,95.23809524,,,,,,,,,,,,,,0,0,,,,,,,,,,,0,0,9.995139738,,,,,,,,,,,,,,,,,,,,,,,,,,,,,,,,,,,,,,"1,418,517",
Togo,9.42408377,85.28553564,45.67289363,82,80.06458825,,70,0.053507411,6.246876562,28.44974446,,43.10344828,37.89473684,,,,15.94202899,94.85714286,,,,,,28.3,30.66,30.66,,,37.5,45.79124579,,,40.59405941,25,,,,50.79365079,9.032446653,,,87.87878788,,,,1.024765158,0.011625035,,,,,0.067658999,0,,0.006567669,20,28.25376063,9.358884572,,,,,15,0.037957867,0.02244417,9.995139738,67.74,,,,,,,,,,,,,,,,,,,,,,,,,,,,,,,,,,,,3,"9,721,608",0.005932078
Tonga,,,,,,,70,,,61.15843271,,,81.05263158,,,,,93.71428571,,,,,,45.28,40.09,69.34,,,48.86363636,48.70931538,,,,30.55555556,,,,53.96825397,,,,,,,,,,,,,,0,0,,0.000351752,,,,,,,,,0,0,9.995139738,,,,,,,,,,,,,,,,,,,,,,,,,,,,,,,,,,,,,1,"103,742",0
Trinidad and Tobago,14.31064572,,,,,,65,,9.145427286,73.93526405,,,71.57894737,,41.7587477,,30.43478261,88.28571429,,,,,,52.36,50,46.7,,,61.36363636,37.03703704,,,74.75247525,16.66666667,,,0.000229092,55.02645503,35.44869921,23.07547436,23.07547436,81.06060606,,0.102943437,,,0.008718776,,,,,0.067658999,0,,0,,10.5310531,10.01781594,0.010666667,,,,,0.018978933,0.011222085,19.99567977,,,,,,,,,,,,,,,,,,,,,,,,,,,,,,,,,,,,,,"1,511,155",
Tunisia,26.52705061,79.06071974,41.84140297,45,60.98621289,,50,,25.23738131,59.96592845,42.08333333,55.17241379,28.42105263,13.13131313,29.06691222,40.09009009,13.04347826,57.14285714,,,,,,41.51,37.26,50.94,60,,63.63636364,62.51402918,,,47.02970297,58.33333333,,,,40.74074074,2.797427653,6.403314657,6.403314657,60.60606061,4.938271605,0.168622281,1.466992665,2.647309991,0.056672043,,,,,0.202976996,0.283687943,5.988023952,0.005986913,0,19.52652692,8.354554303,0.090666667,18.5436064,,,7.5,0.069589422,0.056110425,19.99567977,40.51,,,,,,,,,,,,,,,,,,,,,,,,,,,,,,,,,,,,44,"12,348,573",0.127539671
Turkey,50.2617801,59.81659025,47.08349218,19,23.8479692,,75,,35.15742129,80.91993186,42.08333333,18.96551724,86.31578947,61.61616162,17.26519337,45.04504505,46.37681159,73.42857143,48.88888889,55.55555556,39.3442623,32.98969072,,43.87,43.4,36.79,25.88235294,43.42105263,80.68181818,64.75869809,45.3919882,45.3919882,43.56435644,30.55555556,18.5528757,27.21401647,25.25737749,17.46031746,13.87898275,3.046282782,3.046282782,27.27272727,43.82716049,,0.244498778,0.939368062,0.819564933,0.067842605,0.119617225,0.305343512,6.341463415,2.368064953,2.836879433,13.77245509,0.313664162,9,12.77048332,18.40274338,3.410666667,26.8855918,0.770020534,21.22482699,12.5,1.239956981,1.436426888,19.99567977,46.72,,,,,,,,,,,,,,,,,,,,,,,,,,,,,,,,,,,,447,"87,685,426",1.322853329
Turkmenistan,,,,,,,,,,62.01022147,,48.27586207,,,,,21.73913043,88.57142857,,,,,,12.26,1.89,6.13,,,44.31818182,0,,,15.22277228,77.77777778,,,,,0.160771704,,,,,,,,0,,,,,0,0,0,8.04005E-06,,22.31404958,6.570126038,0.024,,,,,0.006326311,0,17.53554692,,,,,,,,,,,,,,,,,,,,,,,,,,,,,,,,,,,,,,"7,618,847",
Uganda,8.202443281,,,,,,60,0.208678902,11.24437781,28.96081772,50.83333333,36.20689655,17.89473684,10.1010101,31.9674647,,79.71014493,92.28571429,,,,,,31.13,33.02,39.15,51.76470588,,39.77272727,49.71941639,,,41.58415842,16.66666667,,,,60.84656085,6.644256065,27.68021093,27.68021093,90.90909091,,0.084776948,,16.14005124,0.045047009,,,,,0.135317997,0.709219858,12.5748503,0.017507389,15,16.39366138,4.296500771,0.264,20.97829727,,,40,0.101220978,0.078554595,12.66528393,32.98,,,,,,,,,,,,,,,,,,,,,,,,,,,,,,,,,,,,33,"51,384,894",0.094913243
Ukraine,33.68237347,,,,,,75,,16.24187906,60.30664395,57.5,46.55172414,85.26315789,85.85858586,42.5567833,28.15315315,24.63768116,72.28571429,,,,,35.92592593,33.02,40.57,18.87,58.82352941,50,80.68181818,66.55443322,32.19464242,32.19464242,62.74752475,50,,,6.78205244,33.33333333,23.75036539,0,0,44.6969697,21.60493827,2.137590192,4.88997555,,0.187453682,,,,,1.01488498,0.709219858,8.383233533,0.034560585,5,15.09656724,6.640962979,0.208,32.30859401,,,35,0.27835769,0.437661318,9.995139738,48.07,,,,,,,,,,,,,,,,,,,,,,,,,,,,,,,,,,,,82,"38,980,376",0.240249147
United Arab Emirates,56.89354276,82.04807559,48.3415936,41,73.85417961,50.6302521,70,,37.80609695,94.88926746,38.75,43.10344828,95.78947368,68.68686869,57.85758134,,39.13043478,94,,,,,100,88.68,82.08,78.77,24.70588235,25,92.04545455,87.76655443,39.19882035,39.19882035,57.05445545,75,80.51948052,,26.90817483,7.936507937,90.71031862,44.73845285,44.73845285,23.48484848,8.024691358,5.623692828,0,1.110162254,1.912318177,0.067842605,0,0.610687023,7.804878049,3.382949932,3.687943262,19.76047904,0.563605906,19,6.904895966,8.948927287,8.064,0.014903878,2.002053388,,52.5,2.796229519,3.52373471,40.83600514,53.1,,,,,,,,,,,,,,,,,,,,,,,,,,,,,,,,,,,,541,"11,346,000",1.601660982
United Kingdom,88.65619546,60.48353481,21.61646969,48,42.82697802,70.79831933,75,83.41270266,100,95.40034072,,93.10344828,96.84210526,36.36363636,59.96009822,32.20720721,57.97101449,88.85714286,57.77777778,52.77777778,47.54098361,55.67010309,54.62962963,85.85,93.4,89.15,81.17647059,60.52631579,93.18181818,68.68686869,98.32882772,98.32882772,,30.55555556,,40.56836916,52.4540544,3.703703704,38.71090324,16.09774471,16.09774471,3.03030303,62.96296296,25.9338274,8.557457213,0,32.98022291,16.14654003,10.28708134,7.938931298,48.29268293,20.97428958,31.63120567,23.95209581,13.07519924,13,23.91341512,32.15303883,24.672,70.05425682,17.35112936,47.1613778,12.5,28.4241159,18.62866121,47.40115966,43.7,,,,,,,,,,,,,,,,,,,,,,,,,,,,,,,,,,,,7832,"69,551,332",23.22705027
United States,91.09947644,77.05988606,38.10522303,54,51.06197988,100,95,100,,93.18568995,,75.86206897,91.57894737,22.22222222,69.09146716,31.75675676,53.62318841,90,71.11111111,86.11111111,57.37704918,67.01030928,55.18518519,86.79,91.04,88.68,78.82352941,82.89473684,94.31818182,79.57351291,100,100,,28.80555556,,43.21683744,62.21324831,2.645502646,80.88278281,30.75945195,30.75945195,1.515151515,,100,21.7603912,100,68.01517067,100,100,100,100,100,100,34.73053892,100,23,36.54833041,43.64448889,100,66.31455556,100,42.77682904,67.5,100,100,79.99891994,47.95,,,,,,,,,,,,,,,,,,,,,,,,,,,,,,,,,,,,33716,"347,275,807",100
Uruguay,32.98429319,56.3151313,24.51391536,53,56.58924357,,60,,20.28985507,76.66098807,59.16666667,55.17241379,87.36842105,53.53535354,52.11786372,29.27927928,46.37681159,76.28571429,,,,,27.03703704,77.36,74.06,75.94,,,85.22727273,63.07519641,,,95.91584158,30.55555556,4.26716141,,7.563990132,52.91005291,44.12160187,16.17778615,16.17778615,46.21212121,1.851851852,1.062972503,0.244498778,1.793339026,0.050859526,0.067842605,,,0,0.067658999,0.141843972,10.77844311,0.01471363,0,12.52319109,18.01517067,0.053333333,12.44942729,0,,60,0.075915734,0.123442936,21.19574457,100,,,,,,,,,,,,,,,,,,,,,,,,,,,,,,,,,,,,23,"3,384,688",0.065252855
Uzbekistan,25.30541012,,,,,,65,,8.32083958,59.11413969,17.91666667,13.79310345,90.52631579,11.11111111,,,30.43478261,87.42857143,,,,,,38.21,31.6,21.7,21.17647059,,72.72727273,77.328844,,,34.65346535,58.33333333,,,2.36756912,35.97883598,22.96112248,2.580159141,2.580159141,62.12121212,13.58024691,,0.733496333,7.173356106,0.010171905,,,,,0.202976996,0,17.96407186,0.007796333,33,26.98714898,5.675763334,0.210666667,20.7197401,,,100,0.012652622,0.04488834,16.33548212,49.69,,,,,,,,,,,,,,,,,,,,,,,,,,,,,,,,,,,,11,"37,053,428",0.029660389
Vanuatu,,,,,,,75,,,39.8637138,,,46.31578947,,,,33.33333333,85.71428571,,,,,,32.08,48.58,58.96,,,46.59090909,33.22109989,,,,100,,,,56.08465608,,,,,,,,,,,,,,0,0,,0.000435293,,,,,,,,,0,0,12.55527799,,,,,,,,,,,,,,,,,,,,,,,,,,,,,,,,,,,,,1,"335,169",0
Venezuela,,,65.3069005,59,65.99180226,,40,,15.81709145,,45.41666667,20.68965517,71.57894737,15.15151515,44.12216083,,23.1884058,84.57142857,,,,,0,5.19,2.36,0.47,24.70588235,,47.72727273,19.07968575,0,0,16.08910891,5.55555556,,,,98.94179894,23.58374744,14.90653986,14.90653986,,4.938271605,,0,7.173356106,0.015984422,,,,,0.067658999,0,13.17365269,0.009760099,0,13.3299285,6.090285373,,20.4362315,,,52.5,0.037957867,0.056110425,10.2351527,14.01,,,,,,,,,,,,,,,,,,,,,,,,,,,,,,,,,,,,7,"28,516,896",0.017796233
Vietnam,45.37521815,,,,,,80,,27.93603198,58.94378194,42.5,18.96551724,32.63157895,45.45454545,28.23818293,14.18918919,43.47826087,95.71428571,,,,,,59.43,36.32,47.64,15.29411765,,67.04545455,59.82042649,26.13664291,32.75989187,43.06930693,44.44444444,13.54359926,,7.653611889,36.50793651,47.22011108,1.426620839,1.426620839,32.57575758,9.87654321,1.107224207,0.97799511,0.683176772,0.418501242,,,0.152671756,1.951219512,0.811907984,1.560283688,29.94011976,0.296075609,14,18.84395132,12.92038566,0.874666667,35.58041396,0.308008214,,15,0.683241602,0.965099316,21.44575807,45.49,,,,,,,,,,,,,,,,,,,,,,,,,,,,,,,,,,,,246,"101,598,527",0.72667952
Yemen,,,,,,,0,,0,7.495741056,0,0,45.26315789,12.12121212,3.790669122,,13.04347826,51.42857143,,,,,,0.47,2.83,1.89,,,22.72727273,39.61840629,,,0,44.44444444,,,,98.41269841,2.332651272,,,,3.086419753,,,,0,,,,,0.067658999,0,,,,22.77413309,0,,6.401299484,,,20,0.006326311,0,9.775127857,,,,,,,,,,,,,,,,,,,,,,,,,,,,,,,,,,,,,,"41,773,878",
Zambia,9.598603839,,,,,,95,1.278827118,10.61969015,32.19761499,,46.55172414,,42.42424242,23.60343769,,30.43478261,83.42857143,,,,,,27.83,32.08,33.02,62.35294118,,46.59090909,35.69023569,,,48.63861386,16.66666667,,,,44.44444444,5.556854721,,,87.12121212,,,,0,0.014531293,,,,,0.135317997,0,37.7245509,0.008958664,0,21.53594437,8.292105078,0.034666667,6.064538817,,,32.5,0.012652622,0.011222085,12.29526394,32.97,,,,,,,,,,,,,,,,,,,,,,,,,,,,,,,,,,,,10,"21,913,874",0.02669435
Zimbabwe,9.42408377,,,,,,65,,6.246876562,28.96081772,,48.27586207,46.31578947,23.23232323,27.88520565,,44.92753623,75.14285714,,,,,,10.85,6.6,11.32,45.88235294,,43.18181818,46.01571268,,,22.27722772,31.33333333,,,,73.54497354,6.796258404,44.8467442,44.8467442,88.63636364,,,,0.853970965,0.026156328,,,,,0.067658999,0.141843972,18.56287425,0.014840578,0,19.42911969,8.771725,0.018666667,,,,17.5,0.050610489,0.033666255,11.67523046,0,,,,,,,,,,,,,,,,,,,,,,,,,,,,,,,,,,,,6,"16,950,795",0.014830194